<?xml version="1.0" encoding="UTF-8"?>

<root>
  <GEO_THERMAL_POWER_PLANT>
    <X>2</X>
    <Y>18</Y>
    <powerConsumption>0.0,0.0</powerConsumption>
    <currentVoltage>1.06</currentVoltage>
    <maxPowerTransport>0.0</maxPowerTransport>
    <powerDemand>0.0,0.0</powerDemand>
    <powerLineCharge>0.0</powerLineCharge>
    <powerProduction>0.0,0.0</powerProduction>
    <resistance>0.0,0.0</resistance>
    <transportPowerDecrement>0.0</transportPowerDecrement>
    <voltageAngle>0.0</voltageAngle>
  </GEO_THERMAL_POWER_PLANT>
  <GEO_THERMAL_POWER_PLANT>
    <X>11</X>
    <Y>21</Y>
    <powerConsumption>0.0,0.0</powerConsumption>
    <currentVoltage>1.045</currentVoltage>
    <maxPowerTransport>0.0</maxPowerTransport>
    <powerDemand>0.0,0.0</powerDemand>
    <powerLineCharge>0.0</powerLineCharge>
    <powerProduction>0.4,0.0</powerProduction>
    <resistance>0.0,0.0</resistance>
    <transportPowerDecrement>0.0</transportPowerDecrement>
    <voltageAngle>0.0</voltageAngle>
  </GEO_THERMAL_POWER_PLANT>
  <GEO_THERMAL_POWER_PLANT>
    <X>16</X>
    <Y>24</Y>
    <powerConsumption>0.0,0.0</powerConsumption>
    <currentVoltage>1.01</currentVoltage>
    <maxPowerTransport>0.0</maxPowerTransport>
    <powerDemand>0.0,0.0</powerDemand>
    <powerLineCharge>0.0</powerLineCharge>
    <powerProduction>0.0,0.0</powerProduction>
    <resistance>0.0,0.0</resistance>
    <transportPowerDecrement>0.0</transportPowerDecrement>
    <voltageAngle>0.0</voltageAngle>
  </GEO_THERMAL_POWER_PLANT>
  <GEO_THERMAL_POWER_PLANT>
    <X>7</X>
    <Y>12</Y>
    <powerConsumption>0.0,0.0</powerConsumption>
    <currentVoltage>1.07</currentVoltage>
    <maxPowerTransport>0.0</maxPowerTransport>
    <powerDemand>0.0,0.0</powerDemand>
    <powerLineCharge>0.0</powerLineCharge>
    <powerProduction>0.0,0.0</powerProduction>
    <resistance>0.0,0.0</resistance>
    <transportPowerDecrement>0.0</transportPowerDecrement>
    <voltageAngle>0.0</voltageAngle>
  </GEO_THERMAL_POWER_PLANT>
  <PLINE>
    <X>6</X>
    <Y>21</Y>
    <powerConsumption>0.0,0.0</powerConsumption>
    <currentVoltage>1.0</currentVoltage>
    <maxPowerTransport>10000.0</maxPowerTransport>
    <powerDemand>0.0,0.0</powerDemand>
    <powerLineCharge>0.0</powerLineCharge>
    <powerProduction>0.0,0.0</powerProduction>
    <resistance>0.01938,0.05917</resistance>
    <transportPowerDecrement>0.0</transportPowerDecrement>
    <voltageAngle>0.0</voltageAngle>
  </PLINE>
  <HOUSE>
    <X>9</X>
    <Y>16</Y>
    <powerConsumption>0.0,0.0</powerConsumption>
    <currentVoltage>1.0</currentVoltage>
    <maxPowerTransport>0.0</maxPowerTransport>
    <powerDemand>0.1064,0.0224</powerDemand>
    <powerLineCharge>0.0</powerLineCharge>
    <powerProduction>0.0,0.0</powerProduction>
    <resistance>0.0,0.0</resistance>
    <transportPowerDecrement>0.0</transportPowerDecrement>
    <voltageAngle>0.0</voltageAngle>
  </HOUSE>
  <HOUSE>
    <X>12</X>
    <Y>21</Y>
    <powerConsumption>0.0,0.0</powerConsumption>
    <currentVoltage>1.045</currentVoltage>
    <maxPowerTransport>0.0</maxPowerTransport>
    <powerDemand>0.3038,0.1778</powerDemand>
    <powerLineCharge>0.0</powerLineCharge>
    <powerProduction>0.0,0.0</powerProduction>
    <resistance>0.0,0.0</resistance>
    <transportPowerDecrement>0.0</transportPowerDecrement>
    <voltageAngle>0.0</voltageAngle>
  </HOUSE>
  <HOUSE>
    <X>17</X>
    <Y>24</Y>
    <powerConsumption>0.0,0.0</powerConsumption>
    <currentVoltage>1.01</currentVoltage>
    <maxPowerTransport>0.0</maxPowerTransport>
    <powerDemand>1.3188,0.266</powerDemand>
    <powerLineCharge>0.0</powerLineCharge>
    <powerProduction>0.0,0.0</powerProduction>
    <resistance>0.0,0.0</resistance>
    <transportPowerDecrement>0.0</transportPowerDecrement>
    <voltageAngle>0.0</voltageAngle>
  </HOUSE>
  <HOUSE>
    <X>6</X>
    <Y>12</Y>
    <powerConsumption>0.0,0.0</powerConsumption>
    <currentVoltage>1.07</currentVoltage>
    <maxPowerTransport>0.0</maxPowerTransport>
    <powerDemand>0.1568,0.105</powerDemand>
    <powerLineCharge>0.0</powerLineCharge>
    <powerProduction>0.0,0.0</powerProduction>
    <resistance>0.0,0.0</resistance>
    <transportPowerDecrement>0.0</transportPowerDecrement>
    <voltageAngle>0.0</voltageAngle>
  </HOUSE>
  <GEO_THERMAL_POWER_PLANT>
    <X>21</X>
    <Y>13</Y>
    <powerConsumption>0.0,0.0</powerConsumption>
    <currentVoltage>1.09</currentVoltage>
    <maxPowerTransport>0.0</maxPowerTransport>
    <powerDemand>0.0,0.0</powerDemand>
    <powerLineCharge>0.0</powerLineCharge>
    <powerProduction>0.0,0.0</powerProduction>
    <resistance>0.0,0.0</resistance>
    <transportPowerDecrement>0.0</transportPowerDecrement>
    <voltageAngle>0.0</voltageAngle>
  </GEO_THERMAL_POWER_PLANT>
  <HOUSE>
    <X>3</X>
    <Y>6</Y>
    <powerConsumption>0.0,0.0</powerConsumption>
    <currentVoltage>1.0</currentVoltage>
    <maxPowerTransport>0.0</maxPowerTransport>
    <powerDemand>0.0854,0.0224</powerDemand>
    <powerLineCharge>0.0</powerLineCharge>
    <powerProduction>0.0,0.0</powerProduction>
    <resistance>0.0,0.0</resistance>
    <transportPowerDecrement>0.0</transportPowerDecrement>
    <voltageAngle>0.0</voltageAngle>
  </HOUSE>
  <HOUSE>
    <X>13</X>
    <Y>5</Y>
    <powerConsumption>0.0,0.0</powerConsumption>
    <currentVoltage>1.0</currentVoltage>
    <maxPowerTransport>0.0</maxPowerTransport>
    <powerDemand>0.126,0.0812</powerDemand>
    <powerLineCharge>0.0</powerLineCharge>
    <powerProduction>0.0,0.0</powerProduction>
    <resistance>0.0,0.0</resistance>
    <transportPowerDecrement>0.0</transportPowerDecrement>
    <voltageAngle>0.0</voltageAngle>
  </HOUSE>
  <HOUSE>
    <X>19</X>
    <Y>3</Y>
    <powerConsumption>0.0,0.0</powerConsumption>
    <currentVoltage>1.0</currentVoltage>
    <maxPowerTransport>0.0</maxPowerTransport>
    <powerDemand>0.2086,0.07</powerDemand>
    <powerLineCharge>0.0</powerLineCharge>
    <powerProduction>0.0,0.0</powerProduction>
    <resistance>0.0,0.0</resistance>
    <transportPowerDecrement>0.0</transportPowerDecrement>
    <voltageAngle>0.0</voltageAngle>
  </HOUSE>
  <HOUSE>
    <X>18</X>
    <Y>8</Y>
    <powerConsumption>0.0,0.0</powerConsumption>
    <currentVoltage>1.0</currentVoltage>
    <maxPowerTransport>0.0</maxPowerTransport>
    <powerDemand>0.413,0.2324</powerDemand>
    <powerLineCharge>0.0</powerLineCharge>
    <powerProduction>0.0,0.0</powerProduction>
    <resistance>0.0,0.0</resistance>
    <transportPowerDecrement>0.0</transportPowerDecrement>
    <voltageAngle>0.0</voltageAngle>
  </HOUSE>
  <SPLINE>
    <X>3</X>
    <Y>18</Y>
    <powerConsumption>0.0,0.0</powerConsumption>
    <currentVoltage>1.06</currentVoltage>
    <maxPowerTransport>Infinity</maxPowerTransport>
    <powerDemand>0.0,0.0</powerDemand>
    <powerLineCharge>0.0</powerLineCharge>
    <powerProduction>0.0,0.0</powerProduction>
    <resistance>0.0,0.0</resistance>
    <transportPowerDecrement>0.0</transportPowerDecrement>
    <voltageAngle>0.0</voltageAngle>
  </SPLINE>
  <SPLINE>
    <X>4</X>
    <Y>18</Y>
    <powerConsumption>0.0,0.0</powerConsumption>
    <currentVoltage>1.06</currentVoltage>
    <maxPowerTransport>Infinity</maxPowerTransport>
    <powerDemand>0.0,0.0</powerDemand>
    <powerLineCharge>0.0</powerLineCharge>
    <powerProduction>0.0,0.0</powerProduction>
    <resistance>0.0,0.0</resistance>
    <transportPowerDecrement>0.0</transportPowerDecrement>
    <voltageAngle>0.0</voltageAngle>
  </SPLINE>
  <SPLINE>
    <X>5</X>
    <Y>18</Y>
    <powerConsumption>0.0,0.0</powerConsumption>
    <currentVoltage>1.06</currentVoltage>
    <maxPowerTransport>Infinity</maxPowerTransport>
    <powerDemand>0.0,0.0</powerDemand>
    <powerLineCharge>0.0</powerLineCharge>
    <powerProduction>0.0,0.0</powerProduction>
    <resistance>0.0,0.0</resistance>
    <transportPowerDecrement>0.0</transportPowerDecrement>
    <voltageAngle>0.0</voltageAngle>
  </SPLINE>
  <SPLINE>
    <X>7</X>
    <Y>18</Y>
    <powerConsumption>0.0,0.0</powerConsumption>
    <currentVoltage>1.0</currentVoltage>
    <maxPowerTransport>Infinity</maxPowerTransport>
    <powerDemand>0.0,0.0</powerDemand>
    <powerLineCharge>0.0</powerLineCharge>
    <powerProduction>0.0,0.0</powerProduction>
    <resistance>0.0,0.0</resistance>
    <transportPowerDecrement>0.0</transportPowerDecrement>
    <voltageAngle>0.0</voltageAngle>
  </SPLINE>
  <SPLINE>
    <X>8</X>
    <Y>18</Y>
    <powerConsumption>0.0,0.0</powerConsumption>
    <currentVoltage>1.0</currentVoltage>
    <maxPowerTransport>Infinity</maxPowerTransport>
    <powerDemand>0.0,0.0</powerDemand>
    <powerLineCharge>0.0</powerLineCharge>
    <powerProduction>0.0,0.0</powerProduction>
    <resistance>0.0,0.0</resistance>
    <transportPowerDecrement>0.0</transportPowerDecrement>
    <voltageAngle>0.0</voltageAngle>
  </SPLINE>
  <SPLINE>
    <X>9</X>
    <Y>18</Y>
    <powerConsumption>0.0,0.0</powerConsumption>
    <currentVoltage>1.0</currentVoltage>
    <maxPowerTransport>Infinity</maxPowerTransport>
    <powerDemand>0.0,0.0</powerDemand>
    <powerLineCharge>0.0</powerLineCharge>
    <powerProduction>0.0,0.0</powerProduction>
    <resistance>0.0,0.0</resistance>
    <transportPowerDecrement>0.0</transportPowerDecrement>
    <voltageAngle>0.0</voltageAngle>
  </SPLINE>
  <SPLINE>
    <X>9</X>
    <Y>17</Y>
    <powerConsumption>0.0,0.0</powerConsumption>
    <currentVoltage>1.0</currentVoltage>
    <maxPowerTransport>Infinity</maxPowerTransport>
    <powerDemand>0.0,0.0</powerDemand>
    <powerLineCharge>0.0</powerLineCharge>
    <powerProduction>0.0,0.0</powerProduction>
    <resistance>0.0,0.0</resistance>
    <transportPowerDecrement>0.0</transportPowerDecrement>
    <voltageAngle>0.0</voltageAngle>
  </SPLINE>
  <SPLINE>
    <X>4</X>
    <Y>19</Y>
    <powerConsumption>0.0,0.0</powerConsumption>
    <currentVoltage>1.06</currentVoltage>
    <maxPowerTransport>Infinity</maxPowerTransport>
    <powerDemand>0.0,0.0</powerDemand>
    <powerLineCharge>0.0</powerLineCharge>
    <powerProduction>0.0,0.0</powerProduction>
    <resistance>0.0,0.0</resistance>
    <transportPowerDecrement>0.0</transportPowerDecrement>
    <voltageAngle>0.0</voltageAngle>
  </SPLINE>
  <SPLINE>
    <X>4</X>
    <Y>21</Y>
    <powerConsumption>0.0,0.0</powerConsumption>
    <currentVoltage>1.06</currentVoltage>
    <maxPowerTransport>Infinity</maxPowerTransport>
    <powerDemand>0.0,0.0</powerDemand>
    <powerLineCharge>0.0</powerLineCharge>
    <powerProduction>0.0,0.0</powerProduction>
    <resistance>0.0,0.0</resistance>
    <transportPowerDecrement>0.0</transportPowerDecrement>
    <voltageAngle>0.0</voltageAngle>
  </SPLINE>
  <SPLINE>
    <X>5</X>
    <Y>21</Y>
    <powerConsumption>0.0,0.0</powerConsumption>
    <currentVoltage>1.06</currentVoltage>
    <maxPowerTransport>Infinity</maxPowerTransport>
    <powerDemand>0.0,0.0</powerDemand>
    <powerLineCharge>0.0</powerLineCharge>
    <powerProduction>0.0,0.0</powerProduction>
    <resistance>0.0,0.0</resistance>
    <transportPowerDecrement>0.0</transportPowerDecrement>
    <voltageAngle>0.0</voltageAngle>
  </SPLINE>
  <SPLINE>
    <X>4</X>
    <Y>20</Y>
    <powerConsumption>0.0,0.0</powerConsumption>
    <currentVoltage>1.06</currentVoltage>
    <maxPowerTransport>Infinity</maxPowerTransport>
    <powerDemand>0.0,0.0</powerDemand>
    <powerLineCharge>0.0</powerLineCharge>
    <powerProduction>0.0,0.0</powerProduction>
    <resistance>0.0,0.0</resistance>
    <transportPowerDecrement>0.0</transportPowerDecrement>
    <voltageAngle>0.0</voltageAngle>
  </SPLINE>
  <SPLINE>
    <X>7</X>
    <Y>21</Y>
    <powerConsumption>0.0,0.0</powerConsumption>
    <currentVoltage>1.045</currentVoltage>
    <maxPowerTransport>Infinity</maxPowerTransport>
    <powerDemand>0.0,0.0</powerDemand>
    <powerLineCharge>0.0</powerLineCharge>
    <powerProduction>0.0,0.0</powerProduction>
    <resistance>0.0,0.0</resistance>
    <transportPowerDecrement>0.0</transportPowerDecrement>
    <voltageAngle>0.0</voltageAngle>
  </SPLINE>
  <SPLINE>
    <X>8</X>
    <Y>21</Y>
    <powerConsumption>0.0,0.0</powerConsumption>
    <currentVoltage>1.045</currentVoltage>
    <maxPowerTransport>Infinity</maxPowerTransport>
    <powerDemand>0.0,0.0</powerDemand>
    <powerLineCharge>0.0</powerLineCharge>
    <powerProduction>0.0,0.0</powerProduction>
    <resistance>0.0,0.0</resistance>
    <transportPowerDecrement>0.0</transportPowerDecrement>
    <voltageAngle>0.0</voltageAngle>
  </SPLINE>
  <SPLINE>
    <X>9</X>
    <Y>21</Y>
    <powerConsumption>0.0,0.0</powerConsumption>
    <currentVoltage>1.045</currentVoltage>
    <maxPowerTransport>Infinity</maxPowerTransport>
    <powerDemand>0.0,0.0</powerDemand>
    <powerLineCharge>0.0</powerLineCharge>
    <powerProduction>0.0,0.0</powerProduction>
    <resistance>0.0,0.0</resistance>
    <transportPowerDecrement>0.0</transportPowerDecrement>
    <voltageAngle>0.0</voltageAngle>
  </SPLINE>
  <SPLINE>
    <X>10</X>
    <Y>21</Y>
    <powerConsumption>0.0,0.0</powerConsumption>
    <currentVoltage>1.045</currentVoltage>
    <maxPowerTransport>Infinity</maxPowerTransport>
    <powerDemand>0.0,0.0</powerDemand>
    <powerLineCharge>0.0</powerLineCharge>
    <powerProduction>0.0,0.0</powerProduction>
    <resistance>0.0,0.0</resistance>
    <transportPowerDecrement>0.0</transportPowerDecrement>
    <voltageAngle>0.0</voltageAngle>
  </SPLINE>
  <PLINE>
    <X>6</X>
    <Y>18</Y>
    <powerConsumption>0.0,0.0</powerConsumption>
    <currentVoltage>1.0</currentVoltage>
    <maxPowerTransport>0.0</maxPowerTransport>
    <powerDemand>0.0,0.0</powerDemand>
    <powerLineCharge>0.0</powerLineCharge>
    <powerProduction>0.0,0.0</powerProduction>
    <resistance>0.0543,0.22304</resistance>
    <transportPowerDecrement>0.0</transportPowerDecrement>
    <voltageAngle>0.0</voltageAngle>
  </PLINE>
  <PLINE>
    <X>14</X>
    <Y>23</Y>
    <powerConsumption>0.0,0.0</powerConsumption>
    <currentVoltage>1.0</currentVoltage>
    <maxPowerTransport>10000.0</maxPowerTransport>
    <powerDemand>0.0,0.0</powerDemand>
    <powerLineCharge>0.0</powerLineCharge>
    <powerProduction>0.0,0.0</powerProduction>
    <resistance>0.04699,0.19797</resistance>
    <transportPowerDecrement>0.01</transportPowerDecrement>
    <voltageAngle>0.0</voltageAngle>
  </PLINE>
  <PLINE>
    <X>15</X>
    <Y>18</Y>
    <powerConsumption>0.0,0.0</powerConsumption>
    <currentVoltage>1.0</currentVoltage>
    <maxPowerTransport>10000.0</maxPowerTransport>
    <powerDemand>0.0,0.0</powerDemand>
    <powerLineCharge>0.0</powerLineCharge>
    <powerProduction>0.0,0.0</powerProduction>
    <resistance>0.05811,0.17632</resistance>
    <transportPowerDecrement>0.0</transportPowerDecrement>
    <voltageAngle>0.0</voltageAngle>
  </PLINE>
  <PLINE>
    <X>18</X>
    <Y>19</Y>
    <powerConsumption>0.0,0.0</powerConsumption>
    <currentVoltage>1.0</currentVoltage>
    <maxPowerTransport>10000.0</maxPowerTransport>
    <powerDemand>0.0,0.0</powerDemand>
    <powerLineCharge>0.0</powerLineCharge>
    <powerProduction>0.0,0.0</powerProduction>
    <resistance>0.06701,0.17103</resistance>
    <transportPowerDecrement>0.01</transportPowerDecrement>
    <voltageAngle>0.0</voltageAngle>
  </PLINE>
  <SPLINE>
    <X>13</X>
    <Y>21</Y>
    <powerConsumption>0.0,0.0</powerConsumption>
    <currentVoltage>1.045</currentVoltage>
    <maxPowerTransport>Infinity</maxPowerTransport>
    <powerDemand>0.0,0.0</powerDemand>
    <powerLineCharge>0.0</powerLineCharge>
    <powerProduction>0.0,0.0</powerProduction>
    <resistance>0.0,0.0</resistance>
    <transportPowerDecrement>0.0</transportPowerDecrement>
    <voltageAngle>0.0</voltageAngle>
  </SPLINE>
  <SPLINE>
    <X>14</X>
    <Y>21</Y>
    <powerConsumption>0.0,0.0</powerConsumption>
    <currentVoltage>1.045</currentVoltage>
    <maxPowerTransport>Infinity</maxPowerTransport>
    <powerDemand>0.0,0.0</powerDemand>
    <powerLineCharge>0.0</powerLineCharge>
    <powerProduction>0.0,0.0</powerProduction>
    <resistance>0.0,0.0</resistance>
    <transportPowerDecrement>0.0</transportPowerDecrement>
    <voltageAngle>0.0</voltageAngle>
  </SPLINE>
  <SPLINE>
    <X>14</X>
    <Y>22</Y>
    <powerConsumption>0.0,0.0</powerConsumption>
    <currentVoltage>1.045</currentVoltage>
    <maxPowerTransport>Infinity</maxPowerTransport>
    <powerDemand>0.0,0.0</powerDemand>
    <powerLineCharge>0.0</powerLineCharge>
    <powerProduction>0.0,0.0</powerProduction>
    <resistance>0.0,0.0</resistance>
    <transportPowerDecrement>0.0</transportPowerDecrement>
    <voltageAngle>0.0</voltageAngle>
  </SPLINE>
  <SPLINE>
    <X>14</X>
    <Y>24</Y>
    <powerConsumption>0.0,0.0</powerConsumption>
    <currentVoltage>1.01</currentVoltage>
    <maxPowerTransport>Infinity</maxPowerTransport>
    <powerDemand>0.0,0.0</powerDemand>
    <powerLineCharge>0.0</powerLineCharge>
    <powerProduction>0.0,0.0</powerProduction>
    <resistance>0.0,0.0</resistance>
    <transportPowerDecrement>0.0</transportPowerDecrement>
    <voltageAngle>0.0</voltageAngle>
  </SPLINE>
  <SPLINE>
    <X>15</X>
    <Y>24</Y>
    <powerConsumption>0.0,0.0</powerConsumption>
    <currentVoltage>1.01</currentVoltage>
    <maxPowerTransport>Infinity</maxPowerTransport>
    <powerDemand>0.0,0.0</powerDemand>
    <powerLineCharge>0.0</powerLineCharge>
    <powerProduction>0.0,0.0</powerProduction>
    <resistance>0.0,0.0</resistance>
    <transportPowerDecrement>0.0</transportPowerDecrement>
    <voltageAngle>0.0</voltageAngle>
  </SPLINE>
  <SPLINE>
    <X>18</X>
    <Y>20</Y>
    <powerConsumption>0.0,0.0</powerConsumption>
    <currentVoltage>1.01</currentVoltage>
    <maxPowerTransport>Infinity</maxPowerTransport>
    <powerDemand>0.0,0.0</powerDemand>
    <powerLineCharge>0.0</powerLineCharge>
    <powerProduction>0.0,0.0</powerProduction>
    <resistance>0.0,0.0</resistance>
    <transportPowerDecrement>0.0</transportPowerDecrement>
    <voltageAngle>0.0</voltageAngle>
  </SPLINE>
  <SPLINE>
    <X>18</X>
    <Y>22</Y>
    <powerConsumption>0.0,0.0</powerConsumption>
    <currentVoltage>1.01</currentVoltage>
    <maxPowerTransport>Infinity</maxPowerTransport>
    <powerDemand>0.0,0.0</powerDemand>
    <powerLineCharge>0.0</powerLineCharge>
    <powerProduction>0.0,0.0</powerProduction>
    <resistance>0.0,0.0</resistance>
    <transportPowerDecrement>0.0</transportPowerDecrement>
    <voltageAngle>0.0</voltageAngle>
  </SPLINE>
  <SPLINE>
    <X>18</X>
    <Y>23</Y>
    <powerConsumption>0.0,0.0</powerConsumption>
    <currentVoltage>1.01</currentVoltage>
    <maxPowerTransport>Infinity</maxPowerTransport>
    <powerDemand>0.0,0.0</powerDemand>
    <powerLineCharge>0.0</powerLineCharge>
    <powerProduction>0.0,0.0</powerProduction>
    <resistance>0.0,0.0</resistance>
    <transportPowerDecrement>0.0</transportPowerDecrement>
    <voltageAngle>0.0</voltageAngle>
  </SPLINE>
  <SPLINE>
    <X>18</X>
    <Y>24</Y>
    <powerConsumption>0.0,0.0</powerConsumption>
    <currentVoltage>1.01</currentVoltage>
    <maxPowerTransport>Infinity</maxPowerTransport>
    <powerDemand>0.0,0.0</powerDemand>
    <powerLineCharge>0.0</powerLineCharge>
    <powerProduction>0.0,0.0</powerProduction>
    <resistance>0.0,0.0</resistance>
    <transportPowerDecrement>0.0</transportPowerDecrement>
    <voltageAngle>0.0</voltageAngle>
  </SPLINE>
  <SPLINE>
    <X>18</X>
    <Y>21</Y>
    <powerConsumption>0.0,0.0</powerConsumption>
    <currentVoltage>1.01</currentVoltage>
    <maxPowerTransport>Infinity</maxPowerTransport>
    <powerDemand>0.0,0.0</powerDemand>
    <powerLineCharge>0.0</powerLineCharge>
    <powerProduction>0.0,0.0</powerProduction>
    <resistance>0.0,0.0</resistance>
    <transportPowerDecrement>0.0</transportPowerDecrement>
    <voltageAngle>0.0</voltageAngle>
  </SPLINE>
  <SPLINE>
    <X>18</X>
    <Y>18</Y>
    <powerConsumption>0.0,0.0</powerConsumption>
    <currentVoltage>1.0</currentVoltage>
    <maxPowerTransport>Infinity</maxPowerTransport>
    <powerDemand>0.0,0.0</powerDemand>
    <powerLineCharge>0.0</powerLineCharge>
    <powerProduction>0.0,0.0</powerProduction>
    <resistance>0.0,0.0</resistance>
    <transportPowerDecrement>0.0</transportPowerDecrement>
    <voltageAngle>0.0</voltageAngle>
  </SPLINE>
  <SPLINE>
    <X>18</X>
    <Y>16</Y>
    <powerConsumption>0.0,0.0</powerConsumption>
    <currentVoltage>1.0</currentVoltage>
    <maxPowerTransport>Infinity</maxPowerTransport>
    <powerDemand>0.0,0.0</powerDemand>
    <powerLineCharge>0.0</powerLineCharge>
    <powerProduction>0.0,0.0</powerProduction>
    <resistance>0.0,0.0</resistance>
    <transportPowerDecrement>0.0</transportPowerDecrement>
    <voltageAngle>0.0</voltageAngle>
  </SPLINE>
  <SPLINE>
    <X>17</X>
    <Y>16</Y>
    <powerConsumption>0.0,0.0</powerConsumption>
    <currentVoltage>1.0</currentVoltage>
    <maxPowerTransport>Infinity</maxPowerTransport>
    <powerDemand>0.0,0.0</powerDemand>
    <powerLineCharge>0.0</powerLineCharge>
    <powerProduction>0.0,0.0</powerProduction>
    <resistance>0.0,0.0</resistance>
    <transportPowerDecrement>0.0</transportPowerDecrement>
    <voltageAngle>0.0</voltageAngle>
  </SPLINE>
  <SPLINE>
    <X>16</X>
    <Y>15</Y>
    <powerConsumption>0.0,0.0</powerConsumption>
    <currentVoltage>1.0</currentVoltage>
    <maxPowerTransport>Infinity</maxPowerTransport>
    <powerDemand>0.0,0.0</powerDemand>
    <powerLineCharge>0.0</powerLineCharge>
    <powerProduction>0.0,0.0</powerProduction>
    <resistance>0.0,0.0</resistance>
    <transportPowerDecrement>0.0</transportPowerDecrement>
    <voltageAngle>0.0</voltageAngle>
  </SPLINE>
  <SPLINE>
    <X>16</X>
    <Y>17</Y>
    <powerConsumption>0.0,0.0</powerConsumption>
    <currentVoltage>1.0</currentVoltage>
    <maxPowerTransport>Infinity</maxPowerTransport>
    <powerDemand>0.0,0.0</powerDemand>
    <powerLineCharge>0.0</powerLineCharge>
    <powerProduction>0.0,0.0</powerProduction>
    <resistance>0.0,0.0</resistance>
    <transportPowerDecrement>0.0</transportPowerDecrement>
    <voltageAngle>0.0</voltageAngle>
  </SPLINE>
  <SPLINE>
    <X>16</X>
    <Y>18</Y>
    <powerConsumption>0.0,0.0</powerConsumption>
    <currentVoltage>1.0</currentVoltage>
    <maxPowerTransport>Infinity</maxPowerTransport>
    <powerDemand>0.0,0.0</powerDemand>
    <powerLineCharge>0.0</powerLineCharge>
    <powerProduction>0.0,0.0</powerProduction>
    <resistance>0.0,0.0</resistance>
    <transportPowerDecrement>0.0</transportPowerDecrement>
    <voltageAngle>0.0</voltageAngle>
  </SPLINE>
  <SPLINE>
    <X>14</X>
    <Y>18</Y>
    <powerConsumption>0.0,0.0</powerConsumption>
    <currentVoltage>1.045</currentVoltage>
    <maxPowerTransport>Infinity</maxPowerTransport>
    <powerDemand>0.0,0.0</powerDemand>
    <powerLineCharge>0.0</powerLineCharge>
    <powerProduction>0.0,0.0</powerProduction>
    <resistance>0.0,0.0</resistance>
    <transportPowerDecrement>0.0</transportPowerDecrement>
    <voltageAngle>0.0</voltageAngle>
  </SPLINE>
  <SPLINE>
    <X>14</X>
    <Y>19</Y>
    <powerConsumption>0.0,0.0</powerConsumption>
    <currentVoltage>1.045</currentVoltage>
    <maxPowerTransport>Infinity</maxPowerTransport>
    <powerDemand>0.0,0.0</powerDemand>
    <powerLineCharge>0.0</powerLineCharge>
    <powerProduction>0.0,0.0</powerProduction>
    <resistance>0.0,0.0</resistance>
    <transportPowerDecrement>0.0</transportPowerDecrement>
    <voltageAngle>0.0</voltageAngle>
  </SPLINE>
  <SPLINE>
    <X>14</X>
    <Y>20</Y>
    <powerConsumption>0.0,0.0</powerConsumption>
    <currentVoltage>1.045</currentVoltage>
    <maxPowerTransport>Infinity</maxPowerTransport>
    <powerDemand>0.0,0.0</powerDemand>
    <powerLineCharge>0.0</powerLineCharge>
    <powerProduction>0.0,0.0</powerProduction>
    <resistance>0.0,0.0</resistance>
    <transportPowerDecrement>0.0</transportPowerDecrement>
    <voltageAngle>0.0</voltageAngle>
  </SPLINE>
  <SPLINE>
    <X>18</X>
    <Y>17</Y>
    <powerConsumption>0.0,0.0</powerConsumption>
    <currentVoltage>1.0</currentVoltage>
    <maxPowerTransport>Infinity</maxPowerTransport>
    <powerDemand>0.0,0.0</powerDemand>
    <powerLineCharge>0.0</powerLineCharge>
    <powerProduction>0.0,0.0</powerProduction>
    <resistance>0.0,0.0</resistance>
    <transportPowerDecrement>0.0</transportPowerDecrement>
    <voltageAngle>0.0</voltageAngle>
  </SPLINE>
  <SPLINE>
    <X>10</X>
    <Y>16</Y>
    <powerConsumption>0.0,0.0</powerConsumption>
    <currentVoltage>1.0</currentVoltage>
    <maxPowerTransport>Infinity</maxPowerTransport>
    <powerDemand>0.0,0.0</powerDemand>
    <powerLineCharge>0.0</powerLineCharge>
    <powerProduction>0.0,0.0</powerProduction>
    <resistance>0.0,0.0</resistance>
    <transportPowerDecrement>0.0</transportPowerDecrement>
    <voltageAngle>0.0</voltageAngle>
  </SPLINE>
  <SPLINE>
    <X>11</X>
    <Y>16</Y>
    <powerConsumption>0.0,0.0</powerConsumption>
    <currentVoltage>1.0</currentVoltage>
    <maxPowerTransport>Infinity</maxPowerTransport>
    <powerDemand>0.0,0.0</powerDemand>
    <powerLineCharge>0.0</powerLineCharge>
    <powerProduction>0.0,0.0</powerProduction>
    <resistance>0.0,0.0</resistance>
    <transportPowerDecrement>0.0</transportPowerDecrement>
    <voltageAngle>0.0</voltageAngle>
  </SPLINE>
  <SPLINE>
    <X>13</X>
    <Y>16</Y>
    <powerConsumption>0.0,0.0</powerConsumption>
    <currentVoltage>1.0</currentVoltage>
    <maxPowerTransport>Infinity</maxPowerTransport>
    <powerDemand>0.0,0.0</powerDemand>
    <powerLineCharge>0.0</powerLineCharge>
    <powerProduction>0.0,0.0</powerProduction>
    <resistance>0.0,0.0</resistance>
    <transportPowerDecrement>0.0</transportPowerDecrement>
    <voltageAngle>0.0</voltageAngle>
  </SPLINE>
  <SPLINE>
    <X>14</X>
    <Y>16</Y>
    <powerConsumption>0.0,0.0</powerConsumption>
    <currentVoltage>1.0</currentVoltage>
    <maxPowerTransport>Infinity</maxPowerTransport>
    <powerDemand>0.0,0.0</powerDemand>
    <powerLineCharge>0.0</powerLineCharge>
    <powerProduction>0.0,0.0</powerProduction>
    <resistance>0.0,0.0</resistance>
    <transportPowerDecrement>0.0</transportPowerDecrement>
    <voltageAngle>0.0</voltageAngle>
  </SPLINE>
  <SPLINE>
    <X>15</X>
    <Y>16</Y>
    <powerConsumption>0.0,0.0</powerConsumption>
    <currentVoltage>1.0</currentVoltage>
    <maxPowerTransport>Infinity</maxPowerTransport>
    <powerDemand>0.0,0.0</powerDemand>
    <powerLineCharge>0.0</powerLineCharge>
    <powerProduction>0.0,0.0</powerProduction>
    <resistance>0.0,0.0</resistance>
    <transportPowerDecrement>0.0</transportPowerDecrement>
    <voltageAngle>0.0</voltageAngle>
  </SPLINE>
  <SPLINE>
    <X>9</X>
    <Y>15</Y>
    <powerConsumption>0.0,0.0</powerConsumption>
    <currentVoltage>1.0</currentVoltage>
    <maxPowerTransport>Infinity</maxPowerTransport>
    <powerDemand>0.0,0.0</powerDemand>
    <powerLineCharge>0.0</powerLineCharge>
    <powerProduction>0.0,0.0</powerProduction>
    <resistance>0.0,0.0</resistance>
    <transportPowerDecrement>0.0</transportPowerDecrement>
    <voltageAngle>0.0</voltageAngle>
  </SPLINE>
  <SPLINE>
    <X>8</X>
    <Y>12</Y>
    <powerConsumption>0.0,0.0</powerConsumption>
    <currentVoltage>1.07</currentVoltage>
    <maxPowerTransport>Infinity</maxPowerTransport>
    <powerDemand>0.0,0.0</powerDemand>
    <powerLineCharge>0.0</powerLineCharge>
    <powerProduction>0.0,0.0</powerProduction>
    <resistance>0.0,0.0</resistance>
    <transportPowerDecrement>0.0</transportPowerDecrement>
    <voltageAngle>0.0</voltageAngle>
  </SPLINE>
  <SPLINE>
    <X>9</X>
    <Y>12</Y>
    <powerConsumption>0.0,0.0</powerConsumption>
    <currentVoltage>1.07</currentVoltage>
    <maxPowerTransport>Infinity</maxPowerTransport>
    <powerDemand>0.0,0.0</powerDemand>
    <powerLineCharge>0.0</powerLineCharge>
    <powerProduction>0.0,0.0</powerProduction>
    <resistance>0.0,0.0</resistance>
    <transportPowerDecrement>0.0</transportPowerDecrement>
    <voltageAngle>0.0</voltageAngle>
  </SPLINE>
  <HOUSE>
    <X>9</X>
    <Y>8</Y>
    <powerConsumption>0.0,0.0</powerConsumption>
    <currentVoltage>1.0</currentVoltage>
    <maxPowerTransport>0.0</maxPowerTransport>
    <powerDemand>0.049,0.0252</powerDemand>
    <powerLineCharge>0.0</powerLineCharge>
    <powerProduction>0.0,0.0</powerProduction>
    <resistance>0.0,0.0</resistance>
    <transportPowerDecrement>0.0</transportPowerDecrement>
    <voltageAngle>0.0</voltageAngle>
  </HOUSE>
  <SPLINE>
    <X>9</X>
    <Y>9</Y>
    <powerConsumption>0.0,0.0</powerConsumption>
    <currentVoltage>1.0</currentVoltage>
    <maxPowerTransport>Infinity</maxPowerTransport>
    <powerDemand>0.0,0.0</powerDemand>
    <powerLineCharge>0.0</powerLineCharge>
    <powerProduction>0.0,0.0</powerProduction>
    <resistance>0.0,0.0</resistance>
    <transportPowerDecrement>0.0</transportPowerDecrement>
    <voltageAngle>0.0</voltageAngle>
  </SPLINE>
  <HOUSE>
    <X>7</X>
    <Y>2</Y>
    <powerConsumption>0.0,0.0</powerConsumption>
    <currentVoltage>1.0</currentVoltage>
    <maxPowerTransport>0.0</maxPowerTransport>
    <powerDemand>0.189,0.0812</powerDemand>
    <powerLineCharge>0.0</powerLineCharge>
    <powerProduction>0.0,0.0</powerProduction>
    <resistance>0.0,0.0</resistance>
    <transportPowerDecrement>0.0</transportPowerDecrement>
    <voltageAngle>0.0</voltageAngle>
  </HOUSE>
  <SPLINE>
    <X>7</X>
    <Y>3</Y>
    <powerConsumption>0.0,0.0</powerConsumption>
    <currentVoltage>1.0</currentVoltage>
    <maxPowerTransport>Infinity</maxPowerTransport>
    <powerDemand>0.0,0.0</powerDemand>
    <powerLineCharge>0.0</powerLineCharge>
    <powerProduction>0.0,0.0</powerProduction>
    <resistance>0.0,0.0</resistance>
    <transportPowerDecrement>0.0</transportPowerDecrement>
    <voltageAngle>0.0</voltageAngle>
  </SPLINE>
  <SPLINE>
    <X>7</X>
    <Y>4</Y>
    <powerConsumption>0.0,0.0</powerConsumption>
    <currentVoltage>1.0</currentVoltage>
    <maxPowerTransport>Infinity</maxPowerTransport>
    <powerDemand>0.0,0.0</powerDemand>
    <powerLineCharge>0.0</powerLineCharge>
    <powerProduction>0.0,0.0</powerProduction>
    <resistance>0.0,0.0</resistance>
    <transportPowerDecrement>0.0</transportPowerDecrement>
    <voltageAngle>0.0</voltageAngle>
  </SPLINE>
  <SPLINE>
    <X>7</X>
    <Y>5</Y>
    <powerConsumption>0.0,0.0</powerConsumption>
    <currentVoltage>1.0</currentVoltage>
    <maxPowerTransport>Infinity</maxPowerTransport>
    <powerDemand>0.0,0.0</powerDemand>
    <powerLineCharge>0.0</powerLineCharge>
    <powerProduction>0.0,0.0</powerProduction>
    <resistance>0.0,0.0</resistance>
    <transportPowerDecrement>0.0</transportPowerDecrement>
    <voltageAngle>0.0</voltageAngle>
  </SPLINE>
  <SPLINE>
    <X>7</X>
    <Y>6</Y>
    <powerConsumption>0.0,0.0</powerConsumption>
    <currentVoltage>1.0</currentVoltage>
    <maxPowerTransport>Infinity</maxPowerTransport>
    <powerDemand>0.0,0.0</powerDemand>
    <powerLineCharge>0.0</powerLineCharge>
    <powerProduction>0.0,0.0</powerProduction>
    <resistance>0.0,0.0</resistance>
    <transportPowerDecrement>0.0</transportPowerDecrement>
    <voltageAngle>0.0</voltageAngle>
  </SPLINE>
  <SPLINE>
    <X>7</X>
    <Y>9</Y>
    <powerConsumption>0.0,0.0</powerConsumption>
    <currentVoltage>1.07</currentVoltage>
    <maxPowerTransport>Infinity</maxPowerTransport>
    <powerDemand>0.0,0.0</powerDemand>
    <powerLineCharge>0.0</powerLineCharge>
    <powerProduction>0.0,0.0</powerProduction>
    <resistance>0.0,0.0</resistance>
    <transportPowerDecrement>0.0</transportPowerDecrement>
    <voltageAngle>0.0</voltageAngle>
  </SPLINE>
  <SPLINE>
    <X>7</X>
    <Y>10</Y>
    <powerConsumption>0.0,0.0</powerConsumption>
    <currentVoltage>1.07</currentVoltage>
    <maxPowerTransport>Infinity</maxPowerTransport>
    <powerDemand>0.0,0.0</powerDemand>
    <powerLineCharge>0.0</powerLineCharge>
    <powerProduction>0.0,0.0</powerProduction>
    <resistance>0.0,0.0</resistance>
    <transportPowerDecrement>0.0</transportPowerDecrement>
    <voltageAngle>0.0</voltageAngle>
  </SPLINE>
  <SPLINE>
    <X>7</X>
    <Y>11</Y>
    <powerConsumption>0.0,0.0</powerConsumption>
    <currentVoltage>1.07</currentVoltage>
    <maxPowerTransport>Infinity</maxPowerTransport>
    <powerDemand>0.0,0.0</powerDemand>
    <powerLineCharge>0.0</powerLineCharge>
    <powerProduction>0.0,0.0</powerProduction>
    <resistance>0.0,0.0</resistance>
    <transportPowerDecrement>0.0</transportPowerDecrement>
    <voltageAngle>0.0</voltageAngle>
  </SPLINE>
  <SPLINE>
    <X>5</X>
    <Y>8</Y>
    <powerConsumption>0.0,0.0</powerConsumption>
    <currentVoltage>1.0</currentVoltage>
    <maxPowerTransport>Infinity</maxPowerTransport>
    <powerDemand>0.0,0.0</powerDemand>
    <powerLineCharge>0.0</powerLineCharge>
    <powerProduction>0.0,0.0</powerProduction>
    <resistance>0.0,0.0</resistance>
    <transportPowerDecrement>0.0</transportPowerDecrement>
    <voltageAngle>0.0</voltageAngle>
  </SPLINE>
  <SPLINE>
    <X>5</X>
    <Y>11</Y>
    <powerConsumption>0.0,0.0</powerConsumption>
    <currentVoltage>1.07</currentVoltage>
    <maxPowerTransport>Infinity</maxPowerTransport>
    <powerDemand>0.0,0.0</powerDemand>
    <powerLineCharge>0.0</powerLineCharge>
    <powerProduction>0.0,0.0</powerProduction>
    <resistance>0.0,0.0</resistance>
    <transportPowerDecrement>0.0</transportPowerDecrement>
    <voltageAngle>0.0</voltageAngle>
  </SPLINE>
  <SPLINE>
    <X>5</X>
    <Y>12</Y>
    <powerConsumption>0.0,0.0</powerConsumption>
    <currentVoltage>1.07</currentVoltage>
    <maxPowerTransport>Infinity</maxPowerTransport>
    <powerDemand>0.0,0.0</powerDemand>
    <powerLineCharge>0.0</powerLineCharge>
    <powerProduction>0.0,0.0</powerProduction>
    <resistance>0.0,0.0</resistance>
    <transportPowerDecrement>0.0</transportPowerDecrement>
    <voltageAngle>0.0</voltageAngle>
  </SPLINE>
  <SPLINE>
    <X>5</X>
    <Y>7</Y>
    <powerConsumption>0.0,0.0</powerConsumption>
    <currentVoltage>1.0</currentVoltage>
    <maxPowerTransport>Infinity</maxPowerTransport>
    <powerDemand>0.0,0.0</powerDemand>
    <powerLineCharge>0.0</powerLineCharge>
    <powerProduction>0.0,0.0</powerProduction>
    <resistance>0.0,0.0</resistance>
    <transportPowerDecrement>0.0</transportPowerDecrement>
    <voltageAngle>0.0</voltageAngle>
  </SPLINE>
  <SPLINE>
    <X>5</X>
    <Y>6</Y>
    <powerConsumption>0.0,0.0</powerConsumption>
    <currentVoltage>1.0</currentVoltage>
    <maxPowerTransport>Infinity</maxPowerTransport>
    <powerDemand>0.0,0.0</powerDemand>
    <powerLineCharge>0.0</powerLineCharge>
    <powerProduction>0.0,0.0</powerProduction>
    <resistance>0.0,0.0</resistance>
    <transportPowerDecrement>0.0</transportPowerDecrement>
    <voltageAngle>0.0</voltageAngle>
  </SPLINE>
  <SPLINE>
    <X>4</X>
    <Y>6</Y>
    <powerConsumption>0.0,0.0</powerConsumption>
    <currentVoltage>1.0</currentVoltage>
    <maxPowerTransport>Infinity</maxPowerTransport>
    <powerDemand>0.0,0.0</powerDemand>
    <powerLineCharge>0.0</powerLineCharge>
    <powerProduction>0.0,0.0</powerProduction>
    <resistance>0.0,0.0</resistance>
    <transportPowerDecrement>0.0</transportPowerDecrement>
    <voltageAngle>0.0</voltageAngle>
  </SPLINE>
  <SPLINE>
    <X>5</X>
    <Y>3</Y>
    <powerConsumption>0.0,0.0</powerConsumption>
    <currentVoltage>1.0</currentVoltage>
    <maxPowerTransport>Infinity</maxPowerTransport>
    <powerDemand>0.0,0.0</powerDemand>
    <powerLineCharge>0.0</powerLineCharge>
    <powerProduction>0.0,0.0</powerProduction>
    <resistance>0.0,0.0</resistance>
    <transportPowerDecrement>0.0</transportPowerDecrement>
    <voltageAngle>0.0</voltageAngle>
  </SPLINE>
  <SPLINE>
    <X>6</X>
    <Y>3</Y>
    <powerConsumption>0.0,0.0</powerConsumption>
    <currentVoltage>1.0</currentVoltage>
    <maxPowerTransport>Infinity</maxPowerTransport>
    <powerDemand>0.0,0.0</powerDemand>
    <powerLineCharge>0.0</powerLineCharge>
    <powerProduction>0.0,0.0</powerProduction>
    <resistance>0.0,0.0</resistance>
    <transportPowerDecrement>0.0</transportPowerDecrement>
    <voltageAngle>0.0</voltageAngle>
  </SPLINE>
  <SPLINE>
    <X>10</X>
    <Y>8</Y>
    <powerConsumption>0.0,0.0</powerConsumption>
    <currentVoltage>1.0</currentVoltage>
    <maxPowerTransport>Infinity</maxPowerTransport>
    <powerDemand>0.0,0.0</powerDemand>
    <powerLineCharge>0.0</powerLineCharge>
    <powerProduction>0.0,0.0</powerProduction>
    <resistance>0.0,0.0</resistance>
    <transportPowerDecrement>0.0</transportPowerDecrement>
    <voltageAngle>0.0</voltageAngle>
  </SPLINE>
  <SPLINE>
    <X>11</X>
    <Y>8</Y>
    <powerConsumption>0.0,0.0</powerConsumption>
    <currentVoltage>1.0</currentVoltage>
    <maxPowerTransport>Infinity</maxPowerTransport>
    <powerDemand>0.0,0.0</powerDemand>
    <powerLineCharge>0.0</powerLineCharge>
    <powerProduction>0.0,0.0</powerProduction>
    <resistance>0.0,0.0</resistance>
    <transportPowerDecrement>0.0</transportPowerDecrement>
    <voltageAngle>0.0</voltageAngle>
  </SPLINE>
  <SPLINE>
    <X>12</X>
    <Y>5</Y>
    <powerConsumption>0.0,0.0</powerConsumption>
    <currentVoltage>1.0</currentVoltage>
    <maxPowerTransport>Infinity</maxPowerTransport>
    <powerDemand>0.0,0.0</powerDemand>
    <powerLineCharge>0.0</powerLineCharge>
    <powerProduction>0.0,0.0</powerProduction>
    <resistance>0.0,0.0</resistance>
    <transportPowerDecrement>0.0</transportPowerDecrement>
    <voltageAngle>0.0</voltageAngle>
  </SPLINE>
  <SPLINE>
    <X>12</X>
    <Y>6</Y>
    <powerConsumption>0.0,0.0</powerConsumption>
    <currentVoltage>1.0</currentVoltage>
    <maxPowerTransport>Infinity</maxPowerTransport>
    <powerDemand>0.0,0.0</powerDemand>
    <powerLineCharge>0.0</powerLineCharge>
    <powerProduction>0.0,0.0</powerProduction>
    <resistance>0.0,0.0</resistance>
    <transportPowerDecrement>0.0</transportPowerDecrement>
    <voltageAngle>0.0</voltageAngle>
  </SPLINE>
  <SPLINE>
    <X>14</X>
    <Y>5</Y>
    <powerConsumption>0.0,0.0</powerConsumption>
    <currentVoltage>1.0</currentVoltage>
    <maxPowerTransport>Infinity</maxPowerTransport>
    <powerDemand>0.0,0.0</powerDemand>
    <powerLineCharge>0.0</powerLineCharge>
    <powerProduction>0.0,0.0</powerProduction>
    <resistance>0.0,0.0</resistance>
    <transportPowerDecrement>0.0</transportPowerDecrement>
    <voltageAngle>0.0</voltageAngle>
  </SPLINE>
  <SPLINE>
    <X>15</X>
    <Y>5</Y>
    <powerConsumption>0.0,0.0</powerConsumption>
    <currentVoltage>1.0</currentVoltage>
    <maxPowerTransport>Infinity</maxPowerTransport>
    <powerDemand>0.0,0.0</powerDemand>
    <powerLineCharge>0.0</powerLineCharge>
    <powerProduction>0.0,0.0</powerProduction>
    <resistance>0.0,0.0</resistance>
    <transportPowerDecrement>0.0</transportPowerDecrement>
    <voltageAngle>0.0</voltageAngle>
  </SPLINE>
  <SPLINE>
    <X>15</X>
    <Y>8</Y>
    <powerConsumption>0.0,0.0</powerConsumption>
    <currentVoltage>1.0</currentVoltage>
    <maxPowerTransport>Infinity</maxPowerTransport>
    <powerDemand>0.0,0.0</powerDemand>
    <powerLineCharge>0.0</powerLineCharge>
    <powerProduction>0.0,0.0</powerProduction>
    <resistance>0.0,0.0</resistance>
    <transportPowerDecrement>0.0</transportPowerDecrement>
    <voltageAngle>0.0</voltageAngle>
  </SPLINE>
  <SPLINE>
    <X>16</X>
    <Y>8</Y>
    <powerConsumption>0.0,0.0</powerConsumption>
    <currentVoltage>1.0</currentVoltage>
    <maxPowerTransport>Infinity</maxPowerTransport>
    <powerDemand>0.0,0.0</powerDemand>
    <powerLineCharge>0.0</powerLineCharge>
    <powerProduction>0.0,0.0</powerProduction>
    <resistance>0.0,0.0</resistance>
    <transportPowerDecrement>0.0</transportPowerDecrement>
    <voltageAngle>0.0</voltageAngle>
  </SPLINE>
  <SPLINE>
    <X>17</X>
    <Y>8</Y>
    <powerConsumption>0.0,0.0</powerConsumption>
    <currentVoltage>1.0</currentVoltage>
    <maxPowerTransport>Infinity</maxPowerTransport>
    <powerDemand>0.0,0.0</powerDemand>
    <powerLineCharge>0.0</powerLineCharge>
    <powerProduction>0.0,0.0</powerProduction>
    <resistance>0.0,0.0</resistance>
    <transportPowerDecrement>0.0</transportPowerDecrement>
    <voltageAngle>0.0</voltageAngle>
  </SPLINE>
  <SPLINE>
    <X>8</X>
    <Y>2</Y>
    <powerConsumption>0.0,0.0</powerConsumption>
    <currentVoltage>1.0</currentVoltage>
    <maxPowerTransport>Infinity</maxPowerTransport>
    <powerDemand>0.0,0.0</powerDemand>
    <powerLineCharge>0.0</powerLineCharge>
    <powerProduction>0.0,0.0</powerProduction>
    <resistance>0.0,0.0</resistance>
    <transportPowerDecrement>0.0</transportPowerDecrement>
    <voltageAngle>0.0</voltageAngle>
  </SPLINE>
  <SPLINE>
    <X>9</X>
    <Y>2</Y>
    <powerConsumption>0.0,0.0</powerConsumption>
    <currentVoltage>1.0</currentVoltage>
    <maxPowerTransport>Infinity</maxPowerTransport>
    <powerDemand>0.0,0.0</powerDemand>
    <powerLineCharge>0.0</powerLineCharge>
    <powerProduction>0.0,0.0</powerProduction>
    <resistance>0.0,0.0</resistance>
    <transportPowerDecrement>0.0</transportPowerDecrement>
    <voltageAngle>0.0</voltageAngle>
  </SPLINE>
  <SPLINE>
    <X>10</X>
    <Y>2</Y>
    <powerConsumption>0.0,0.0</powerConsumption>
    <currentVoltage>1.0</currentVoltage>
    <maxPowerTransport>Infinity</maxPowerTransport>
    <powerDemand>0.0,0.0</powerDemand>
    <powerLineCharge>0.0</powerLineCharge>
    <powerProduction>0.0,0.0</powerProduction>
    <resistance>0.0,0.0</resistance>
    <transportPowerDecrement>0.0</transportPowerDecrement>
    <voltageAngle>0.0</voltageAngle>
  </SPLINE>
  <SPLINE>
    <X>11</X>
    <Y>2</Y>
    <powerConsumption>0.0,0.0</powerConsumption>
    <currentVoltage>1.0</currentVoltage>
    <maxPowerTransport>Infinity</maxPowerTransport>
    <powerDemand>0.0,0.0</powerDemand>
    <powerLineCharge>0.0</powerLineCharge>
    <powerProduction>0.0,0.0</powerProduction>
    <resistance>0.0,0.0</resistance>
    <transportPowerDecrement>0.0</transportPowerDecrement>
    <voltageAngle>0.0</voltageAngle>
  </SPLINE>
  <SPLINE>
    <X>19</X>
    <Y>4</Y>
    <powerConsumption>0.0,0.0</powerConsumption>
    <currentVoltage>1.0</currentVoltage>
    <maxPowerTransport>Infinity</maxPowerTransport>
    <powerDemand>0.0,0.0</powerDemand>
    <powerLineCharge>0.0</powerLineCharge>
    <powerProduction>0.0,0.0</powerProduction>
    <resistance>0.0,0.0</resistance>
    <transportPowerDecrement>0.0</transportPowerDecrement>
    <voltageAngle>0.0</voltageAngle>
  </SPLINE>
  <SPLINE>
    <X>19</X>
    <Y>7</Y>
    <powerConsumption>0.0,0.0</powerConsumption>
    <currentVoltage>1.0</currentVoltage>
    <maxPowerTransport>Infinity</maxPowerTransport>
    <powerDemand>0.0,0.0</powerDemand>
    <powerLineCharge>0.0</powerLineCharge>
    <powerProduction>0.0,0.0</powerProduction>
    <resistance>0.0,0.0</resistance>
    <transportPowerDecrement>0.0</transportPowerDecrement>
    <voltageAngle>0.0</voltageAngle>
  </SPLINE>
  <SPLINE>
    <X>19</X>
    <Y>8</Y>
    <powerConsumption>0.0,0.0</powerConsumption>
    <currentVoltage>1.0</currentVoltage>
    <maxPowerTransport>Infinity</maxPowerTransport>
    <powerDemand>0.0,0.0</powerDemand>
    <powerLineCharge>0.0</powerLineCharge>
    <powerProduction>0.0,0.0</powerProduction>
    <resistance>0.0,0.0</resistance>
    <transportPowerDecrement>0.0</transportPowerDecrement>
    <voltageAngle>0.0</voltageAngle>
  </SPLINE>
  <SPLINE>
    <X>18</X>
    <Y>3</Y>
    <powerConsumption>0.0,0.0</powerConsumption>
    <currentVoltage>1.0</currentVoltage>
    <maxPowerTransport>Infinity</maxPowerTransport>
    <powerDemand>0.0,0.0</powerDemand>
    <powerLineCharge>0.0</powerLineCharge>
    <powerProduction>0.0,0.0</powerProduction>
    <resistance>0.0,0.0</resistance>
    <transportPowerDecrement>0.0</transportPowerDecrement>
    <voltageAngle>0.0</voltageAngle>
  </SPLINE>
  <SPLINE>
    <X>16</X>
    <Y>3</Y>
    <powerConsumption>0.0,0.0</powerConsumption>
    <currentVoltage>1.0</currentVoltage>
    <maxPowerTransport>Infinity</maxPowerTransport>
    <powerDemand>0.0,0.0</powerDemand>
    <powerLineCharge>0.0</powerLineCharge>
    <powerProduction>0.0,0.0</powerProduction>
    <resistance>0.0,0.0</resistance>
    <transportPowerDecrement>0.0</transportPowerDecrement>
    <voltageAngle>0.0</voltageAngle>
  </SPLINE>
  <SPLINE>
    <X>15</X>
    <Y>3</Y>
    <powerConsumption>0.0,0.0</powerConsumption>
    <currentVoltage>1.0</currentVoltage>
    <maxPowerTransport>Infinity</maxPowerTransport>
    <powerDemand>0.0,0.0</powerDemand>
    <powerLineCharge>0.0</powerLineCharge>
    <powerProduction>0.0,0.0</powerProduction>
    <resistance>0.0,0.0</resistance>
    <transportPowerDecrement>0.0</transportPowerDecrement>
    <voltageAngle>0.0</voltageAngle>
  </SPLINE>
  <SPLINE>
    <X>17</X>
    <Y>3</Y>
    <powerConsumption>0.0,0.0</powerConsumption>
    <currentVoltage>1.0</currentVoltage>
    <maxPowerTransport>Infinity</maxPowerTransport>
    <powerDemand>0.0,0.0</powerDemand>
    <powerLineCharge>0.0</powerLineCharge>
    <powerProduction>0.0,0.0</powerProduction>
    <resistance>0.0,0.0</resistance>
    <transportPowerDecrement>0.0</transportPowerDecrement>
    <voltageAngle>0.0</voltageAngle>
  </SPLINE>
  <SPLINE>
    <X>14</X>
    <Y>2</Y>
    <powerConsumption>0.0,0.0</powerConsumption>
    <currentVoltage>1.0</currentVoltage>
    <maxPowerTransport>Infinity</maxPowerTransport>
    <powerDemand>0.0,0.0</powerDemand>
    <powerLineCharge>0.0</powerLineCharge>
    <powerProduction>0.0,0.0</powerProduction>
    <resistance>0.0,0.0</resistance>
    <transportPowerDecrement>0.0</transportPowerDecrement>
    <voltageAngle>0.0</voltageAngle>
  </SPLINE>
  <SPLINE>
    <X>13</X>
    <Y>2</Y>
    <powerConsumption>0.0,0.0</powerConsumption>
    <currentVoltage>1.0</currentVoltage>
    <maxPowerTransport>Infinity</maxPowerTransport>
    <powerDemand>0.0,0.0</powerDemand>
    <powerLineCharge>0.0</powerLineCharge>
    <powerProduction>0.0,0.0</powerProduction>
    <resistance>0.0,0.0</resistance>
    <transportPowerDecrement>0.0</transportPowerDecrement>
    <voltageAngle>0.0</voltageAngle>
  </SPLINE>
  <SPLINE>
    <X>15</X>
    <Y>2</Y>
    <powerConsumption>0.0,0.0</powerConsumption>
    <currentVoltage>1.0</currentVoltage>
    <maxPowerTransport>Infinity</maxPowerTransport>
    <powerDemand>0.0,0.0</powerDemand>
    <powerLineCharge>0.0</powerLineCharge>
    <powerProduction>0.0,0.0</powerProduction>
    <resistance>0.0,0.0</resistance>
    <transportPowerDecrement>0.0</transportPowerDecrement>
    <voltageAngle>0.0</voltageAngle>
  </SPLINE>
  <SPLINE>
    <X>16</X>
    <Y>13</Y>
    <powerConsumption>0.0,0.0</powerConsumption>
    <currentVoltage>1.0</currentVoltage>
    <maxPowerTransport>Infinity</maxPowerTransport>
    <powerDemand>0.0,0.0</powerDemand>
    <powerLineCharge>0.0</powerLineCharge>
    <powerProduction>0.0,0.0</powerProduction>
    <resistance>0.0,0.0</resistance>
    <transportPowerDecrement>0.0</transportPowerDecrement>
    <voltageAngle>0.0</voltageAngle>
  </SPLINE>
  <SPLINE>
    <X>16</X>
    <Y>12</Y>
    <powerConsumption>0.0,0.0</powerConsumption>
    <currentVoltage>1.0</currentVoltage>
    <maxPowerTransport>Infinity</maxPowerTransport>
    <powerDemand>0.0,0.0</powerDemand>
    <powerLineCharge>0.0</powerLineCharge>
    <powerProduction>0.0,0.0</powerProduction>
    <resistance>0.0,0.0</resistance>
    <transportPowerDecrement>0.0</transportPowerDecrement>
    <voltageAngle>0.0</voltageAngle>
  </SPLINE>
  <SPLINE>
    <X>16</X>
    <Y>9</Y>
    <powerConsumption>0.0,0.0</powerConsumption>
    <currentVoltage>1.0</currentVoltage>
    <maxPowerTransport>Infinity</maxPowerTransport>
    <powerDemand>0.0,0.0</powerDemand>
    <powerLineCharge>0.0</powerLineCharge>
    <powerProduction>0.0,0.0</powerProduction>
    <resistance>0.0,0.0</resistance>
    <transportPowerDecrement>0.0</transportPowerDecrement>
    <voltageAngle>0.0</voltageAngle>
  </SPLINE>
  <SPLINE>
    <X>20</X>
    <Y>13</Y>
    <powerConsumption>0.0,0.0</powerConsumption>
    <currentVoltage>1.09</currentVoltage>
    <maxPowerTransport>Infinity</maxPowerTransport>
    <powerDemand>0.0,0.0</powerDemand>
    <powerLineCharge>0.0</powerLineCharge>
    <powerProduction>0.0,0.0</powerProduction>
    <resistance>0.0,0.0</resistance>
    <transportPowerDecrement>0.0</transportPowerDecrement>
    <voltageAngle>0.0</voltageAngle>
  </SPLINE>
  <SPLINE>
    <X>18</X>
    <Y>11</Y>
    <powerConsumption>0.0,0.0</powerConsumption>
    <currentVoltage>0.0</currentVoltage>
    <maxPowerTransport>Infinity</maxPowerTransport>
    <powerDemand>0.0,0.0</powerDemand>
    <powerLineCharge>0.0</powerLineCharge>
    <powerProduction>0.0,0.0</powerProduction>
    <resistance>0.0,0.0</resistance>
    <transportPowerDecrement>0.0</transportPowerDecrement>
    <voltageAngle>0.0</voltageAngle>
  </SPLINE>
  <SPLINE>
    <X>18</X>
    <Y>12</Y>
    <powerConsumption>0.0,0.0</powerConsumption>
    <currentVoltage>0.0</currentVoltage>
    <maxPowerTransport>Infinity</maxPowerTransport>
    <powerDemand>0.0,0.0</powerDemand>
    <powerLineCharge>0.0</powerLineCharge>
    <powerProduction>0.0,0.0</powerProduction>
    <resistance>0.0,0.0</resistance>
    <transportPowerDecrement>0.0</transportPowerDecrement>
    <voltageAngle>0.0</voltageAngle>
  </SPLINE>
  <SPLINE>
    <X>18</X>
    <Y>15</Y>
    <powerConsumption>0.0,0.0</powerConsumption>
    <currentVoltage>1.0</currentVoltage>
    <maxPowerTransport>Infinity</maxPowerTransport>
    <powerDemand>0.0,0.0</powerDemand>
    <powerLineCharge>0.0</powerLineCharge>
    <powerProduction>0.0,0.0</powerProduction>
    <resistance>0.0,0.0</resistance>
    <transportPowerDecrement>0.0</transportPowerDecrement>
    <voltageAngle>0.0</voltageAngle>
  </SPLINE>
  <SPLINE>
    <X>20</X>
    <Y>12</Y>
    <powerConsumption>0.0,0.0</powerConsumption>
    <currentVoltage>1.09</currentVoltage>
    <maxPowerTransport>Infinity</maxPowerTransport>
    <powerDemand>0.0,0.0</powerDemand>
    <powerLineCharge>0.0</powerLineCharge>
    <powerProduction>0.0,0.0</powerProduction>
    <resistance>0.0,0.0</resistance>
    <transportPowerDecrement>0.0</transportPowerDecrement>
    <voltageAngle>0.0</voltageAngle>
  </SPLINE>
  <SPLINE>
    <X>20</X>
    <Y>11</Y>
    <powerConsumption>0.0,0.0</powerConsumption>
    <currentVoltage>1.09</currentVoltage>
    <maxPowerTransport>Infinity</maxPowerTransport>
    <powerDemand>0.0,0.0</powerDemand>
    <powerLineCharge>0.0</powerLineCharge>
    <powerProduction>0.0,0.0</powerProduction>
    <resistance>0.0,0.0</resistance>
    <transportPowerDecrement>0.0</transportPowerDecrement>
    <voltageAngle>0.0</voltageAngle>
  </SPLINE>
  <PLINE>
    <X>9</X>
    <Y>14</Y>
    <powerConsumption>0.0,0.0</powerConsumption>
    <currentVoltage>1.0</currentVoltage>
    <maxPowerTransport>10000.0</maxPowerTransport>
    <powerDemand>0.0,0.0</powerDemand>
    <powerLineCharge>0.0</powerLineCharge>
    <powerProduction>0.0,0.0</powerProduction>
    <resistance>0.0,0.25202</resistance>
    <transportPowerDecrement>0.068</transportPowerDecrement>
    <voltageAngle>0.0</voltageAngle>
  </PLINE>
  <PLINE>
    <X>12</X>
    <Y>16</Y>
    <powerConsumption>0.0,0.0</powerConsumption>
    <currentVoltage>1.0</currentVoltage>
    <maxPowerTransport>10000.0</maxPowerTransport>
    <powerDemand>0.0,0.0</powerDemand>
    <powerLineCharge>0.0</powerLineCharge>
    <powerProduction>0.0,0.0</powerProduction>
    <resistance>0.01335,0.04211</resistance>
    <transportPowerDecrement>0.01</transportPowerDecrement>
    <voltageAngle>0.0</voltageAngle>
  </PLINE>
  <PLINE>
    <X>16</X>
    <Y>11</Y>
    <powerConsumption>0.0,0.0</powerConsumption>
    <currentVoltage>1.0</currentVoltage>
    <maxPowerTransport>10000.0</maxPowerTransport>
    <powerDemand>0.0,0.0</powerDemand>
    <powerLineCharge>0.0</powerLineCharge>
    <powerProduction>0.0,0.0</powerProduction>
    <resistance>0.005,0.55618</resistance>
    <transportPowerDecrement>0.031</transportPowerDecrement>
    <voltageAngle>0.0</voltageAngle>
  </PLINE>
  <PLINE>
    <X>18</X>
    <Y>13</Y>
    <powerConsumption>0.0,0.0</powerConsumption>
    <currentVoltage>1.0</currentVoltage>
    <maxPowerTransport>10000.0</maxPowerTransport>
    <powerDemand>0.0,0.0</powerDemand>
    <powerLineCharge>0.0</powerLineCharge>
    <powerProduction>0.0,0.0</powerProduction>
    <resistance>0.0,0.20912</resistance>
    <transportPowerDecrement>0.022</transportPowerDecrement>
    <voltageAngle>0.0</voltageAngle>
  </PLINE>
  <PLINE>
    <X>19</X>
    <Y>11</Y>
    <powerConsumption>0.0,0.0</powerConsumption>
    <currentVoltage>1.0</currentVoltage>
    <maxPowerTransport>10000.0</maxPowerTransport>
    <powerDemand>0.0,0.0</powerDemand>
    <powerLineCharge>0.0</powerLineCharge>
    <powerProduction>0.0,0.0</powerProduction>
    <resistance>0.0,0.17615</resistance>
    <transportPowerDecrement>0.0</transportPowerDecrement>
    <voltageAngle>0.0</voltageAngle>
  </PLINE>
  <PLINE>
    <X>19</X>
    <Y>6</Y>
    <powerConsumption>0.0,0.0</powerConsumption>
    <currentVoltage>1.0</currentVoltage>
    <maxPowerTransport>10000.0</maxPowerTransport>
    <powerDemand>0.0,0.0</powerDemand>
    <powerLineCharge>0.0</powerLineCharge>
    <powerProduction>0.0,0.0</powerProduction>
    <resistance>0.12711,0.27038</resistance>
    <transportPowerDecrement>0.01</transportPowerDecrement>
    <voltageAngle>0.0</voltageAngle>
  </PLINE>
  <PLINE>
    <X>15</X>
    <Y>6</Y>
    <powerConsumption>0.0,0.0</powerConsumption>
    <currentVoltage>1.0</currentVoltage>
    <maxPowerTransport>10000.0</maxPowerTransport>
    <powerDemand>0.0,0.0</powerDemand>
    <powerLineCharge>0.0</powerLineCharge>
    <powerProduction>0.0,0.0</powerProduction>
    <resistance>0.03181,0.0845</resistance>
    <transportPowerDecrement>0.0</transportPowerDecrement>
    <voltageAngle>0.0</voltageAngle>
  </PLINE>
  <PLINE>
    <X>12</X>
    <Y>7</Y>
    <powerConsumption>0.0,0.0</powerConsumption>
    <currentVoltage>1.0</currentVoltage>
    <maxPowerTransport>10000.0</maxPowerTransport>
    <powerDemand>0.0,0.0</powerDemand>
    <powerLineCharge>0.0</powerLineCharge>
    <powerProduction>0.0,0.0</powerProduction>
    <resistance>0.08205,0.19207</resistance>
    <transportPowerDecrement>0.0</transportPowerDecrement>
    <voltageAngle>0.0</voltageAngle>
  </PLINE>
  <PLINE>
    <X>5</X>
    <Y>9</Y>
    <powerConsumption>0.0,0.0</powerConsumption>
    <currentVoltage>1.0</currentVoltage>
    <maxPowerTransport>10000.0</maxPowerTransport>
    <powerDemand>0.0,0.0</powerDemand>
    <powerLineCharge>0.0</powerLineCharge>
    <powerProduction>0.0,0.0</powerProduction>
    <resistance>0.12291,0.25581</resistance>
    <transportPowerDecrement>0.01</transportPowerDecrement>
    <voltageAngle>0.0</voltageAngle>
  </PLINE>
  <PLINE>
    <X>7</X>
    <Y>7</Y>
    <powerConsumption>0.0,0.0</powerConsumption>
    <currentVoltage>1.0</currentVoltage>
    <maxPowerTransport>10000.0</maxPowerTransport>
    <powerDemand>0.0,0.0</powerDemand>
    <powerLineCharge>0.0</powerLineCharge>
    <powerProduction>0.0,0.0</powerProduction>
    <resistance>0.06615,0.13027</resistance>
    <transportPowerDecrement>0.01</transportPowerDecrement>
    <voltageAngle>0.0</voltageAngle>
  </PLINE>
  <PLINE>
    <X>5</X>
    <Y>4</Y>
    <powerConsumption>0.0,0.0</powerConsumption>
    <currentVoltage>1.0</currentVoltage>
    <maxPowerTransport>10000.0</maxPowerTransport>
    <powerDemand>0.0,0.0</powerDemand>
    <powerLineCharge>0.0</powerLineCharge>
    <powerProduction>0.0,0.0</powerProduction>
    <resistance>0.22092,0.19988</resistance>
    <transportPowerDecrement>0.0</transportPowerDecrement>
    <voltageAngle>0.0</voltageAngle>
  </PLINE>
  <PLINE>
    <X>12</X>
    <Y>2</Y>
    <powerConsumption>0.0,0.0</powerConsumption>
    <currentVoltage>1.0</currentVoltage>
    <maxPowerTransport>10000.0</maxPowerTransport>
    <powerDemand>0.0,0.0</powerDemand>
    <powerLineCharge>0.0</powerLineCharge>
    <powerProduction>0.0,0.0</powerProduction>
    <resistance>0.17093,0.34802</resistance>
    <transportPowerDecrement>0.0</transportPowerDecrement>
    <voltageAngle>0.0</voltageAngle>
  </PLINE>
  <SPLINE>
    <X>9</X>
    <Y>13</Y>
    <powerConsumption>0.0,0.0</powerConsumption>
    <currentVoltage>1.07</currentVoltage>
    <maxPowerTransport>Infinity</maxPowerTransport>
    <powerDemand>0.0,0.0</powerDemand>
    <powerLineCharge>0.0</powerLineCharge>
    <powerProduction>0.0,0.0</powerProduction>
    <resistance>0.0,0.0</resistance>
    <transportPowerDecrement>0.0</transportPowerDecrement>
    <voltageAngle>0.0</voltageAngle>
  </SPLINE>
  <SPLINE>
    <X>16</X>
    <Y>10</Y>
    <powerConsumption>0.0,0.0</powerConsumption>
    <currentVoltage>1.0</currentVoltage>
    <maxPowerTransport>Infinity</maxPowerTransport>
    <powerDemand>0.0,0.0</powerDemand>
    <powerLineCharge>0.0</powerLineCharge>
    <powerProduction>0.0,0.0</powerProduction>
    <resistance>0.0,0.0</resistance>
    <transportPowerDecrement>0.0</transportPowerDecrement>
    <voltageAngle>0.0</voltageAngle>
  </SPLINE>
  <SPLINE>
    <X>18</X>
    <Y>14</Y>
    <powerConsumption>0.0,0.0</powerConsumption>
    <currentVoltage>1.0</currentVoltage>
    <maxPowerTransport>Infinity</maxPowerTransport>
    <powerDemand>0.0,0.0</powerDemand>
    <powerLineCharge>0.0</powerLineCharge>
    <powerProduction>0.0,0.0</powerProduction>
    <resistance>0.0,0.0</resistance>
    <transportPowerDecrement>0.0</transportPowerDecrement>
    <voltageAngle>0.0</voltageAngle>
  </SPLINE>
  <SPLINE>
    <X>19</X>
    <Y>5</Y>
    <powerConsumption>0.0,0.0</powerConsumption>
    <currentVoltage>1.0</currentVoltage>
    <maxPowerTransport>Infinity</maxPowerTransport>
    <powerDemand>0.0,0.0</powerDemand>
    <powerLineCharge>0.0</powerLineCharge>
    <powerProduction>0.0,0.0</powerProduction>
    <resistance>0.0,0.0</resistance>
    <transportPowerDecrement>0.0</transportPowerDecrement>
    <voltageAngle>0.0</voltageAngle>
  </SPLINE>
  <SPLINE>
    <X>15</X>
    <Y>7</Y>
    <powerConsumption>0.0,0.0</powerConsumption>
    <currentVoltage>1.0</currentVoltage>
    <maxPowerTransport>Infinity</maxPowerTransport>
    <powerDemand>0.0,0.0</powerDemand>
    <powerLineCharge>0.0</powerLineCharge>
    <powerProduction>0.0,0.0</powerProduction>
    <resistance>0.0,0.0</resistance>
    <transportPowerDecrement>0.0</transportPowerDecrement>
    <voltageAngle>0.0</voltageAngle>
  </SPLINE>
  <SPLINE>
    <X>12</X>
    <Y>8</Y>
    <powerConsumption>0.0,0.0</powerConsumption>
    <currentVoltage>1.0</currentVoltage>
    <maxPowerTransport>Infinity</maxPowerTransport>
    <powerDemand>0.0,0.0</powerDemand>
    <powerLineCharge>0.0</powerLineCharge>
    <powerProduction>0.0,0.0</powerProduction>
    <resistance>0.0,0.0</resistance>
    <transportPowerDecrement>0.0</transportPowerDecrement>
    <voltageAngle>0.0</voltageAngle>
  </SPLINE>
  <SPLINE>
    <X>7</X>
    <Y>8</Y>
    <powerConsumption>0.0,0.0</powerConsumption>
    <currentVoltage>1.07</currentVoltage>
    <maxPowerTransport>Infinity</maxPowerTransport>
    <powerDemand>0.0,0.0</powerDemand>
    <powerLineCharge>0.0</powerLineCharge>
    <powerProduction>0.0,0.0</powerProduction>
    <resistance>0.0,0.0</resistance>
    <transportPowerDecrement>0.0</transportPowerDecrement>
    <voltageAngle>0.0</voltageAngle>
  </SPLINE>
  <SPLINE>
    <X>5</X>
    <Y>10</Y>
    <powerConsumption>0.0,0.0</powerConsumption>
    <currentVoltage>1.07</currentVoltage>
    <maxPowerTransport>Infinity</maxPowerTransport>
    <powerDemand>0.0,0.0</powerDemand>
    <powerLineCharge>0.0</powerLineCharge>
    <powerProduction>0.0,0.0</powerProduction>
    <resistance>0.0,0.0</resistance>
    <transportPowerDecrement>0.0</transportPowerDecrement>
    <voltageAngle>0.0</voltageAngle>
  </SPLINE>
  <SPLINE>
    <X>5</X>
    <Y>5</Y>
    <powerConsumption>0.0,0.0</powerConsumption>
    <currentVoltage>1.0</currentVoltage>
    <maxPowerTransport>Infinity</maxPowerTransport>
    <powerDemand>0.0,0.0</powerDemand>
    <powerLineCharge>0.0</powerLineCharge>
    <powerProduction>0.0,0.0</powerProduction>
    <resistance>0.0,0.0</resistance>
    <transportPowerDecrement>0.0</transportPowerDecrement>
    <voltageAngle>0.0</voltageAngle>
  </SPLINE>
  <PLINE>
    <X>9</X>
    <Y>10</Y>
    <powerConsumption>0.0,0.0</powerConsumption>
    <currentVoltage>1.0</currentVoltage>
    <maxPowerTransport>10000.0</maxPowerTransport>
    <powerDemand>0.0,0.0</powerDemand>
    <powerLineCharge>0.0</powerLineCharge>
    <powerProduction>0.0,0.0</powerProduction>
    <resistance>0.09498,0.1989</resistance>
    <transportPowerDecrement>0.01</transportPowerDecrement>
    <voltageAngle>0.0</voltageAngle>
  </PLINE>
  <SPLINE>
    <X>9</X>
    <Y>11</Y>
    <powerConsumption>0.0,0.0</powerConsumption>
    <currentVoltage>1.07</currentVoltage>
    <maxPowerTransport>Infinity</maxPowerTransport>
    <powerDemand>0.0,0.0</powerDemand>
    <powerLineCharge>0.0</powerLineCharge>
    <powerProduction>0.0,0.0</powerProduction>
    <resistance>0.0,0.0</resistance>
    <transportPowerDecrement>0.0</transportPowerDecrement>
    <voltageAngle>0.0</voltageAngle>
  </SPLINE>
  <PLINE>
    <X>18</X>
    <Y>9</Y>
    <powerConsumption>0.0,0.0</powerConsumption>
    <currentVoltage>1.0</currentVoltage>
    <maxPowerTransport>10000.0</maxPowerTransport>
    <powerDemand>0.0,0.0</powerDemand>
    <powerLineCharge>0.0</powerLineCharge>
    <powerProduction>0.0,0.0</powerProduction>
    <resistance>0.0,0.11001</resistance>
    <transportPowerDecrement>0.0</transportPowerDecrement>
    <voltageAngle>0.0</voltageAngle>
  </PLINE>
  <SPLINE>
    <X>18</X>
    <Y>10</Y>
    <powerConsumption>0.0,0.0</powerConsumption>
    <currentVoltage>0.0</currentVoltage>
    <maxPowerTransport>Infinity</maxPowerTransport>
    <powerDemand>0.0,0.0</powerDemand>
    <powerLineCharge>0.0</powerLineCharge>
    <powerProduction>0.0,0.0</powerProduction>
    <resistance>0.0,0.0</resistance>
    <transportPowerDecrement>0.0</transportPowerDecrement>
    <voltageAngle>0.0</voltageAngle>
  </SPLINE>
  <HOUSE>
    <X>16</X>
    <Y>16</Y>
    <powerConsumption>0.0,0.0</powerConsumption>
    <currentVoltage>1.0</currentVoltage>
    <maxPowerTransport>0.0</maxPowerTransport>
    <powerDemand>0.6692,0.056</powerDemand>
    <powerLineCharge>0.0</powerLineCharge>
    <powerProduction>0.0,0.0</powerProduction>
    <resistance>0.0,0.0</resistance>
    <transportPowerDecrement>0.0</transportPowerDecrement>
    <voltageAngle>0.0</voltageAngle>
  </HOUSE>
  <SPLINE>
    <X>16</X>
    <Y>14</Y>
    <powerConsumption>0.0,0.0</powerConsumption>
    <currentVoltage>1.0</currentVoltage>
    <maxPowerTransport>Infinity</maxPowerTransport>
    <powerDemand>0.0,0.0</powerDemand>
    <powerLineCharge>0.0</powerLineCharge>
    <powerProduction>0.0,0.0</powerProduction>
    <resistance>0.0,0.0</resistance>
    <transportPowerDecrement>0.0</transportPowerDecrement>
    <voltageAngle>0.0</voltageAngle>
  </SPLINE>
  <PLINE>
    <X>9</X>
    <Y>19</Y>
    <powerConsumption>0.0,0.0</powerConsumption>
    <currentVoltage>1.0</currentVoltage>
    <maxPowerTransport>10000.0</maxPowerTransport>
    <powerDemand>0.0,0.0</powerDemand>
    <powerLineCharge>0.0</powerLineCharge>
    <powerProduction>0.0,0.0</powerProduction>
    <resistance>0.05695,0.17388</resistance>
    <transportPowerDecrement>0.0</transportPowerDecrement>
    <voltageAngle>0.0</voltageAngle>
  </PLINE>
  <SPLINE>
    <X>9</X>
    <Y>20</Y>
    <powerConsumption>0.0,0.0</powerConsumption>
    <currentVoltage>1.045</currentVoltage>
    <maxPowerTransport>Infinity</maxPowerTransport>
    <powerDemand>0.0,0.0</powerDemand>
    <powerLineCharge>0.0</powerLineCharge>
    <powerProduction>0.0,0.0</powerProduction>
    <resistance>0.0,0.0</resistance>
    <transportPowerDecrement>0.0</transportPowerDecrement>
    <voltageAngle>0.0</voltageAngle>
  </SPLINE>
</root>
