<?xml version="1.0" encoding="UTF-8"?>

<root>
  <PLINE>
    <X>14</X>
    <Y>10</Y>
    <currentCurrent>0.1078,-0.0116</currentCurrent>
    <currentPowerLoss>0.00118,0.00235</currentPowerLoss>
    <currentPowerTransport>103.30634,2.58888</currentPowerTransport>
    <currentVoltage>0.0131,0.0204</currentVoltage>
    <maxPowerTransport>10000.0</maxPowerTransport>
    <powerConsumption>0.0</powerConsumption>
    <powerDemand>0.0</powerDemand>
    <powerLineCharge>0.0</powerLineCharge>
    <powerProduction>0.0</powerProduction>
    <powerProductionNeeded>0.0</powerProductionNeeded>
    <powerProductionOptimal>0.0</powerProductionOptimal>
    <resistance>0.1,0.2</resistance>
    <transportPowerDecrement>0.01</transportPowerDecrement>
    <voltageAngle>57.293</voltageAngle>
  </PLINE>
  <SPLINE>
    <X>13</X>
    <Y>9</Y>
    <currentCurrent>0.0</currentCurrent>
    <currentPowerLoss>0.0</currentPowerLoss>
    <currentPowerTransport>0.0</currentPowerTransport>
    <currentVoltage>0.9499,-0.0782</currentVoltage>
    <maxPowerTransport>Infinity</maxPowerTransport>
    <powerConsumption>0.0</powerConsumption>
    <powerDemand>0.0</powerDemand>
    <powerLineCharge>0.0</powerLineCharge>
    <powerProduction>0.0</powerProduction>
    <powerProductionNeeded>0.0</powerProductionNeeded>
    <powerProductionOptimal>0.0</powerProductionOptimal>
    <resistance>0.0</resistance>
    <transportPowerDecrement>0.0</transportPowerDecrement>
    <voltageAngle>0.08214</voltageAngle>
  </SPLINE>
  <SPLINE>
    <X>13</X>
    <Y>10</Y>
    <currentCurrent>0.0</currentCurrent>
    <currentPowerLoss>0.0</currentPowerLoss>
    <currentPowerTransport>0.0</currentPowerTransport>
    <currentVoltage>0.9499,-0.0782</currentVoltage>
    <maxPowerTransport>Infinity</maxPowerTransport>
    <powerConsumption>0.0</powerConsumption>
    <powerDemand>0.0</powerDemand>
    <powerLineCharge>0.0</powerLineCharge>
    <powerProduction>0.0</powerProduction>
    <powerProductionNeeded>0.0</powerProductionNeeded>
    <powerProductionOptimal>0.0</powerProductionOptimal>
    <resistance>0.0</resistance>
    <transportPowerDecrement>0.0</transportPowerDecrement>
    <voltageAngle>0.08214</voltageAngle>
  </SPLINE>
  <SPLINE>
    <X>15</X>
    <Y>10</Y>
    <currentCurrent>0.0</currentCurrent>
    <currentPowerLoss>0.0</currentPowerLoss>
    <currentPowerTransport>0.0</currentPowerTransport>
    <currentVoltage>0.9368,-0.0986</currentVoltage>
    <maxPowerTransport>Infinity</maxPowerTransport>
    <powerConsumption>0.0</powerConsumption>
    <powerDemand>0.0</powerDemand>
    <powerLineCharge>0.0</powerLineCharge>
    <powerProduction>0.0</powerProduction>
    <powerProductionNeeded>0.0</powerProductionNeeded>
    <powerProductionOptimal>0.0</powerProductionOptimal>
    <resistance>0.0</resistance>
    <transportPowerDecrement>0.0</transportPowerDecrement>
    <voltageAngle>0.10487</voltageAngle>
  </SPLINE>
  <PLINE>
    <X>14</X>
    <Y>6</Y>
    <currentCurrent>-0.413,0.044</currentCurrent>
    <currentPowerLoss>0.01725,0.0345</currentPowerLoss>
    <currentPowerTransport>-395.7495,-9.499</currentPowerTransport>
    <currentVoltage>-0.0501,-0.0782</currentVoltage>
    <maxPowerTransport>10000.0</maxPowerTransport>
    <powerConsumption>0.0</powerConsumption>
    <powerDemand>0.0</powerDemand>
    <powerLineCharge>0.0</powerLineCharge>
    <powerProduction>0.0</powerProduction>
    <powerProductionNeeded>0.0</powerProductionNeeded>
    <powerProductionOptimal>0.0</powerProductionOptimal>
    <resistance>0.1,0.2</resistance>
    <transportPowerDecrement>0.01</transportPowerDecrement>
    <voltageAngle>-57.354</voltageAngle>
  </PLINE>
  <PLINE>
    <X>18</X>
    <Y>6</Y>
    <currentCurrent>0.3278,-0.0146</currentCurrent>
    <currentPowerLoss>0.01077,0.02153</currentPowerLoss>
    <currentPowerTransport>327.8,14.6</currentPowerTransport>
    <currentVoltage>0.0357,0.0641</currentVoltage>
    <maxPowerTransport>10000.0</maxPowerTransport>
    <powerConsumption>0.0</powerConsumption>
    <powerDemand>0.0</powerDemand>
    <powerLineCharge>0.0</powerLineCharge>
    <powerProduction>0.0</powerProduction>
    <powerProductionNeeded>0.0</powerProductionNeeded>
    <powerProductionOptimal>0.0</powerProductionOptimal>
    <resistance>0.1,0.2</resistance>
    <transportPowerDecrement>0.01</transportPowerDecrement>
    <voltageAngle>60.885</voltageAngle>
  </PLINE>
  <SPLINE>
    <X>13</X>
    <Y>6</Y>
    <currentCurrent>0.0</currentCurrent>
    <currentPowerLoss>0.0</currentPowerLoss>
    <currentPowerTransport>0.0</currentPowerTransport>
    <currentVoltage>0.9499,-0.0782</currentVoltage>
    <maxPowerTransport>Infinity</maxPowerTransport>
    <powerConsumption>0.0</powerConsumption>
    <powerDemand>0.0</powerDemand>
    <powerLineCharge>0.0</powerLineCharge>
    <powerProduction>0.0</powerProduction>
    <powerProductionNeeded>0.0</powerProductionNeeded>
    <powerProductionOptimal>0.0</powerProductionOptimal>
    <resistance>0.0</resistance>
    <transportPowerDecrement>0.0</transportPowerDecrement>
    <voltageAngle>0.08214</voltageAngle>
  </SPLINE>
  <SPLINE>
    <X>15</X>
    <Y>6</Y>
    <currentCurrent>0.0</currentCurrent>
    <currentPowerLoss>0.0</currentPowerLoss>
    <currentPowerTransport>0.0</currentPowerTransport>
    <currentVoltage>1.0</currentVoltage>
    <maxPowerTransport>Infinity</maxPowerTransport>
    <powerConsumption>0.0</powerConsumption>
    <powerDemand>0.0</powerDemand>
    <powerLineCharge>0.0</powerLineCharge>
    <powerProduction>0.0</powerProduction>
    <powerProductionNeeded>0.0</powerProductionNeeded>
    <powerProductionOptimal>0.0</powerProductionOptimal>
    <resistance>0.0</resistance>
    <transportPowerDecrement>0.0</transportPowerDecrement>
    <voltageAngle>0.0</voltageAngle>
  </SPLINE>
  <SPLINE>
    <X>16</X>
    <Y>6</Y>
    <currentCurrent>0.0</currentCurrent>
    <currentPowerLoss>0.0</currentPowerLoss>
    <currentPowerTransport>0.0</currentPowerTransport>
    <currentVoltage>1.0</currentVoltage>
    <maxPowerTransport>Infinity</maxPowerTransport>
    <powerConsumption>0.0</powerConsumption>
    <powerDemand>0.0</powerDemand>
    <powerLineCharge>0.0</powerLineCharge>
    <powerProduction>0.0</powerProduction>
    <powerProductionNeeded>0.0</powerProductionNeeded>
    <powerProductionOptimal>0.0</powerProductionOptimal>
    <resistance>0.0</resistance>
    <transportPowerDecrement>0.0</transportPowerDecrement>
    <voltageAngle>0.0</voltageAngle>
  </SPLINE>
  <SPLINE>
    <X>17</X>
    <Y>6</Y>
    <currentCurrent>0.0</currentCurrent>
    <currentPowerLoss>0.0</currentPowerLoss>
    <currentPowerTransport>0.0</currentPowerTransport>
    <currentVoltage>1.0</currentVoltage>
    <maxPowerTransport>Infinity</maxPowerTransport>
    <powerConsumption>0.0</powerConsumption>
    <powerDemand>0.0</powerDemand>
    <powerLineCharge>0.0</powerLineCharge>
    <powerProduction>0.0</powerProduction>
    <powerProductionNeeded>0.0</powerProductionNeeded>
    <powerProductionOptimal>0.0</powerProductionOptimal>
    <resistance>0.0</resistance>
    <transportPowerDecrement>0.0</transportPowerDecrement>
    <voltageAngle>0.0</voltageAngle>
  </SPLINE>
  <SPLINE>
    <X>19</X>
    <Y>6</Y>
    <currentCurrent>0.0</currentCurrent>
    <currentPowerLoss>0.0</currentPowerLoss>
    <currentPowerTransport>0.0</currentPowerTransport>
    <currentVoltage>0.9643,-0.0641</currentVoltage>
    <maxPowerTransport>Infinity</maxPowerTransport>
    <powerConsumption>0.0</powerConsumption>
    <powerDemand>0.0</powerDemand>
    <powerLineCharge>0.0</powerLineCharge>
    <powerProduction>0.0</powerProduction>
    <powerProductionNeeded>0.0</powerProductionNeeded>
    <powerProductionOptimal>0.0</powerProductionOptimal>
    <resistance>0.0</resistance>
    <transportPowerDecrement>0.0</transportPowerDecrement>
    <voltageAngle>0.06638</voltageAngle>
  </SPLINE>
  <SPLINE>
    <X>19</X>
    <Y>7</Y>
    <currentCurrent>0.0</currentCurrent>
    <currentPowerLoss>0.0</currentPowerLoss>
    <currentPowerTransport>0.0</currentPowerTransport>
    <currentVoltage>0.9643,-0.0641</currentVoltage>
    <maxPowerTransport>Infinity</maxPowerTransport>
    <powerConsumption>0.0</powerConsumption>
    <powerDemand>0.0</powerDemand>
    <powerLineCharge>0.0</powerLineCharge>
    <powerProduction>0.0</powerProduction>
    <powerProductionNeeded>0.0</powerProductionNeeded>
    <powerProductionOptimal>0.0</powerProductionOptimal>
    <resistance>0.0</resistance>
    <transportPowerDecrement>0.0</transportPowerDecrement>
    <voltageAngle>0.06638</voltageAngle>
  </SPLINE>
  <SPLINE>
    <X>13</X>
    <Y>7</Y>
    <currentCurrent>0.0</currentCurrent>
    <currentPowerLoss>0.0</currentPowerLoss>
    <currentPowerTransport>0.0</currentPowerTransport>
    <currentVoltage>0.9499,-0.0782</currentVoltage>
    <maxPowerTransport>Infinity</maxPowerTransport>
    <powerConsumption>0.0</powerConsumption>
    <powerDemand>0.0</powerDemand>
    <powerLineCharge>0.0</powerLineCharge>
    <powerProduction>0.0</powerProduction>
    <powerProductionNeeded>0.0</powerProductionNeeded>
    <powerProductionOptimal>0.0</powerProductionOptimal>
    <resistance>0.0</resistance>
    <transportPowerDecrement>0.0</transportPowerDecrement>
    <voltageAngle>0.08214</voltageAngle>
  </SPLINE>
  <SPLINE>
    <X>13</X>
    <Y>8</Y>
    <currentCurrent>0.0</currentCurrent>
    <currentPowerLoss>0.0</currentPowerLoss>
    <currentPowerTransport>0.0</currentPowerTransport>
    <currentVoltage>0.9499,-0.0782</currentVoltage>
    <maxPowerTransport>Infinity</maxPowerTransport>
    <powerConsumption>0.0</powerConsumption>
    <powerDemand>0.0</powerDemand>
    <powerLineCharge>0.0</powerLineCharge>
    <powerProduction>0.0</powerProduction>
    <powerProductionNeeded>0.0</powerProductionNeeded>
    <powerProductionOptimal>0.0</powerProductionOptimal>
    <resistance>0.0</resistance>
    <transportPowerDecrement>0.0</transportPowerDecrement>
    <voltageAngle>0.08214</voltageAngle>
  </SPLINE>
  <SPLINE>
    <X>19</X>
    <Y>8</Y>
    <currentCurrent>0.0</currentCurrent>
    <currentPowerLoss>0.0</currentPowerLoss>
    <currentPowerTransport>0.0</currentPowerTransport>
    <currentVoltage>0.9643,-0.0641</currentVoltage>
    <maxPowerTransport>Infinity</maxPowerTransport>
    <powerConsumption>0.0</powerConsumption>
    <powerDemand>0.0</powerDemand>
    <powerLineCharge>0.0</powerLineCharge>
    <powerProduction>0.0</powerProduction>
    <powerProductionNeeded>0.0</powerProductionNeeded>
    <powerProductionOptimal>0.0</powerProductionOptimal>
    <resistance>0.0</resistance>
    <transportPowerDecrement>0.0</transportPowerDecrement>
    <voltageAngle>0.06638</voltageAngle>
  </SPLINE>
  <SPLINE>
    <X>16</X>
    <Y>10</Y>
    <currentCurrent>0.0</currentCurrent>
    <currentPowerLoss>0.0</currentPowerLoss>
    <currentPowerTransport>0.0</currentPowerTransport>
    <currentVoltage>0.9368,-0.0986</currentVoltage>
    <maxPowerTransport>Infinity</maxPowerTransport>
    <powerConsumption>0.0</powerConsumption>
    <powerDemand>0.0</powerDemand>
    <powerLineCharge>0.0</powerLineCharge>
    <powerProduction>0.0</powerProduction>
    <powerProductionNeeded>0.0</powerProductionNeeded>
    <powerProductionOptimal>0.0</powerProductionOptimal>
    <resistance>0.0</resistance>
    <transportPowerDecrement>0.0</transportPowerDecrement>
    <voltageAngle>0.10487</voltageAngle>
  </SPLINE>
  <GRID_POWER>
    <X>16</X>
    <Y>3</Y>
    <currentCurrent>0.0</currentCurrent>
    <currentPowerLoss>0.0</currentPowerLoss>
    <currentPowerTransport>0.0</currentPowerTransport>
    <currentVoltage>1.0</currentVoltage>
    <maxPowerTransport>0.0</maxPowerTransport>
    <powerConsumption>3774.126399999999</powerConsumption>
    <powerDemand>0.0</powerDemand>
    <powerLineCharge>0.0</powerLineCharge>
    <powerProduction>741.1313,-58.53589999999997</powerProduction>
    <powerProductionNeeded>0.0</powerProductionNeeded>
    <powerProductionOptimal>4801.2288,914.5483</powerProductionOptimal>
    <resistance>0.0</resistance>
    <transportPowerDecrement>0.0</transportPowerDecrement>
    <voltageAngle>0.0</voltageAngle>
  </GRID_POWER>
  <PLINE>
    <X>18</X>
    <Y>4</Y>
    <currentCurrent>0.0</currentCurrent>
    <currentPowerLoss>0.0</currentPowerLoss>
    <currentPowerTransport>0.0</currentPowerTransport>
    <currentVoltage>0.0</currentVoltage>
    <maxPowerTransport>10000.0</maxPowerTransport>
    <powerConsumption>0.0</powerConsumption>
    <powerDemand>0.0</powerDemand>
    <powerLineCharge>0.0</powerLineCharge>
    <powerProduction>0.0</powerProduction>
    <powerProductionNeeded>0.0</powerProductionNeeded>
    <powerProductionOptimal>0.0</powerProductionOptimal>
    <resistance>1.0</resistance>
    <transportPowerDecrement>0.01</transportPowerDecrement>
    <voltageAngle>0.0</voltageAngle>
  </PLINE>
  <SPLINE>
    <X>16</X>
    <Y>5</Y>
    <currentCurrent>0.0</currentCurrent>
    <currentPowerLoss>0.0</currentPowerLoss>
    <currentPowerTransport>0.0</currentPowerTransport>
    <currentVoltage>1.0</currentVoltage>
    <maxPowerTransport>Infinity</maxPowerTransport>
    <powerConsumption>0.0</powerConsumption>
    <powerDemand>0.0</powerDemand>
    <powerLineCharge>0.0</powerLineCharge>
    <powerProduction>0.0</powerProduction>
    <powerProductionNeeded>0.0</powerProductionNeeded>
    <powerProductionOptimal>0.0</powerProductionOptimal>
    <resistance>0.0</resistance>
    <transportPowerDecrement>0.0</transportPowerDecrement>
    <voltageAngle>0.0</voltageAngle>
  </SPLINE>
  <SPLINE>
    <X>16</X>
    <Y>4</Y>
    <currentCurrent>0.0</currentCurrent>
    <currentPowerLoss>0.0</currentPowerLoss>
    <currentPowerTransport>0.0</currentPowerTransport>
    <currentVoltage>1.0</currentVoltage>
    <maxPowerTransport>Infinity</maxPowerTransport>
    <powerConsumption>0.0</powerConsumption>
    <powerDemand>0.0</powerDemand>
    <powerLineCharge>0.0</powerLineCharge>
    <powerProduction>0.0</powerProduction>
    <powerProductionNeeded>0.0</powerProductionNeeded>
    <powerProductionOptimal>0.0</powerProductionOptimal>
    <resistance>0.0</resistance>
    <transportPowerDecrement>0.0</transportPowerDecrement>
    <voltageAngle>0.0</voltageAngle>
  </SPLINE>
  <SPLINE>
    <X>17</X>
    <Y>4</Y>
    <currentCurrent>0.0</currentCurrent>
    <currentPowerLoss>0.0</currentPowerLoss>
    <currentPowerTransport>0.0</currentPowerTransport>
    <currentVoltage>1.0</currentVoltage>
    <maxPowerTransport>Infinity</maxPowerTransport>
    <powerConsumption>0.0</powerConsumption>
    <powerDemand>0.0</powerDemand>
    <powerLineCharge>0.0</powerLineCharge>
    <powerProduction>0.0</powerProduction>
    <powerProductionNeeded>0.0</powerProductionNeeded>
    <powerProductionOptimal>0.0</powerProductionOptimal>
    <resistance>0.0</resistance>
    <transportPowerDecrement>0.0</transportPowerDecrement>
    <voltageAngle>0.0</voltageAngle>
  </SPLINE>
  <SPLINE>
    <X>19</X>
    <Y>4</Y>
    <currentCurrent>0.0</currentCurrent>
    <currentPowerLoss>0.0</currentPowerLoss>
    <currentPowerTransport>0.0</currentPowerTransport>
    <currentVoltage>1.0</currentVoltage>
    <maxPowerTransport>Infinity</maxPowerTransport>
    <powerConsumption>0.0</powerConsumption>
    <powerDemand>0.0</powerDemand>
    <powerLineCharge>0.0</powerLineCharge>
    <powerProduction>0.0</powerProduction>
    <powerProductionNeeded>0.0</powerProductionNeeded>
    <powerProductionOptimal>0.0</powerProductionOptimal>
    <resistance>0.0</resistance>
    <transportPowerDecrement>0.0</transportPowerDecrement>
    <voltageAngle>0.0</voltageAngle>
  </SPLINE>
  <WIND_TURBINE_POWER_PLANT>
    <X>20</X>
    <Y>4</Y>
    <currentCurrent>0.0</currentCurrent>
    <currentPowerLoss>0.0</currentPowerLoss>
    <currentPowerTransport>0.0</currentPowerTransport>
    <currentVoltage>1.0</currentVoltage>
    <maxPowerTransport>0.0</maxPowerTransport>
    <powerConsumption>0.0</powerConsumption>
    <powerDemand>0.0</powerDemand>
    <powerLineCharge>0.0</powerLineCharge>
    <powerProduction>0.829</powerProduction>
    <powerProductionNeeded>1.3096</powerProductionNeeded>
    <powerProductionOptimal>2.0</powerProductionOptimal>
    <resistance>0.0</resistance>
    <transportPowerDecrement>0.0</transportPowerDecrement>
    <voltageAngle>0.0</voltageAngle>
    <model name="SimpleWindTurbineModel">
      <peakPower>2.0</peakPower>
      <randomProductionFactor>0.2</randomProductionFactor>
    </model>
  </WIND_TURBINE_POWER_PLANT>
  <WIND_TURBINE_POWER_PLANT>
    <X>21</X>
    <Y>4</Y>
    <currentCurrent>0.0</currentCurrent>
    <currentPowerLoss>0.0</currentPowerLoss>
    <currentPowerTransport>0.0</currentPowerTransport>
    <currentVoltage>1.0</currentVoltage>
    <maxPowerTransport>0.0</maxPowerTransport>
    <powerConsumption>0.0</powerConsumption>
    <powerDemand>0.0</powerDemand>
    <powerLineCharge>0.0</powerLineCharge>
    <powerProduction>1.4517</powerProduction>
    <powerProductionNeeded>2.2125</powerProductionNeeded>
    <powerProductionOptimal>3.0</powerProductionOptimal>
    <resistance>0.0</resistance>
    <transportPowerDecrement>0.0</transportPowerDecrement>
    <voltageAngle>0.0</voltageAngle>
    <model name="SimpleWindTurbineModel">
      <peakPower>3.0</peakPower>
      <randomProductionFactor>0.2</randomProductionFactor>
    </model>
  </WIND_TURBINE_POWER_PLANT>
  <SOLAR_POWER_PLANT>
    <X>11</X>
    <Y>8</Y>
    <currentCurrent>0.0</currentCurrent>
    <currentPowerLoss>0.0</currentPowerLoss>
    <currentPowerTransport>0.0</currentPowerTransport>
    <currentVoltage>0.9499,-0.0782</currentVoltage>
    <maxPowerTransport>0.0</maxPowerTransport>
    <powerConsumption>0.0</powerConsumption>
    <powerDemand>0.0</powerDemand>
    <powerLineCharge>0.0</powerLineCharge>
    <powerProduction>0.0</powerProduction>
    <powerProductionNeeded>0.0</powerProductionNeeded>
    <powerProductionOptimal>5.0</powerProductionOptimal>
    <resistance>0.0</resistance>
    <transportPowerDecrement>0.0</transportPowerDecrement>
    <voltageAngle>0.08214</voltageAngle>
    <model name="SolarPeakPowerModel">
      <efficiency>0.2</efficiency>
      <height>0.0</height>
      <latitude>46.6</latitude>
      <longitude>14.4</longitude>
      <peakPower>5.0</peakPower>
      <squareMeters>0.025</squareMeters>
    </model>
  </SOLAR_POWER_PLANT>
  <SOLAR_POWER_PLANT>
    <X>10</X>
    <Y>8</Y>
    <currentCurrent>0.0</currentCurrent>
    <currentPowerLoss>0.0</currentPowerLoss>
    <currentPowerTransport>0.0</currentPowerTransport>
    <currentVoltage>0.9499,-0.0782</currentVoltage>
    <maxPowerTransport>0.0</maxPowerTransport>
    <powerConsumption>0.0</powerConsumption>
    <powerDemand>0.0</powerDemand>
    <powerLineCharge>0.0</powerLineCharge>
    <powerProduction>0.0</powerProduction>
    <powerProductionNeeded>0.0</powerProductionNeeded>
    <powerProductionOptimal>8.0</powerProductionOptimal>
    <resistance>0.0</resistance>
    <transportPowerDecrement>0.0</transportPowerDecrement>
    <voltageAngle>0.08214</voltageAngle>
    <model name="SolarPeakPowerModel">
      <efficiency>0.2</efficiency>
      <height>0.0</height>
      <latitude>46.6</latitude>
      <longitude>14.4</longitude>
      <peakPower>8.0</peakPower>
      <squareMeters>0.04</squareMeters>
    </model>
  </SOLAR_POWER_PLANT>
  <SPLINE>
    <X>13</X>
    <Y>11</Y>
    <currentCurrent>0.0</currentCurrent>
    <currentPowerLoss>0.0</currentPowerLoss>
    <currentPowerTransport>0.0</currentPowerTransport>
    <currentVoltage>0.9499,-0.0782</currentVoltage>
    <maxPowerTransport>Infinity</maxPowerTransport>
    <powerConsumption>0.0</powerConsumption>
    <powerDemand>0.0</powerDemand>
    <powerLineCharge>0.0</powerLineCharge>
    <powerProduction>0.0</powerProduction>
    <powerProductionNeeded>0.0</powerProductionNeeded>
    <powerProductionOptimal>0.0</powerProductionOptimal>
    <resistance>0.0</resistance>
    <transportPowerDecrement>0.0</transportPowerDecrement>
    <voltageAngle>0.08214</voltageAngle>
  </SPLINE>
  <PLINE>
    <X>13</X>
    <Y>12</Y>
    <currentCurrent>-0.01341,-0.00662</currentCurrent>
    <currentPowerLoss>3.0E-5,1.1E-4</currentPowerLoss>
    <currentPowerTransport>-12.22047,7.337</currentPowerTransport>
    <currentVoltage>0.0013,-0.0077</currentVoltage>
    <maxPowerTransport>10000.0</maxPowerTransport>
    <powerConsumption>0.0</powerConsumption>
    <powerDemand>0.0</powerDemand>
    <powerLineCharge>0.0</powerLineCharge>
    <powerProduction>0.0</powerProduction>
    <powerProductionNeeded>0.0</powerProductionNeeded>
    <powerProductionOptimal>0.0</powerProductionOptimal>
    <resistance>0.15,0.5</resistance>
    <transportPowerDecrement>0.01</transportPowerDecrement>
    <voltageAngle>-80.417</voltageAngle>
  </PLINE>
  <SPLINE>
    <X>14</X>
    <Y>13</Y>
    <currentCurrent>0.0</currentCurrent>
    <currentPowerLoss>0.0</currentPowerLoss>
    <currentPowerTransport>0.0</currentPowerTransport>
    <currentVoltage>0.9486,-0.0705</currentVoltage>
    <maxPowerTransport>Infinity</maxPowerTransport>
    <powerConsumption>0.0</powerConsumption>
    <powerDemand>0.0</powerDemand>
    <powerLineCharge>0.0</powerLineCharge>
    <powerProduction>0.0</powerProduction>
    <powerProductionNeeded>0.0</powerProductionNeeded>
    <powerProductionOptimal>0.0</powerProductionOptimal>
    <resistance>0.0</resistance>
    <transportPowerDecrement>0.0</transportPowerDecrement>
    <voltageAngle>0.07418</voltageAngle>
  </SPLINE>
  <SPLINE>
    <X>13</X>
    <Y>13</Y>
    <currentCurrent>0.0</currentCurrent>
    <currentPowerLoss>0.0</currentPowerLoss>
    <currentPowerTransport>0.0</currentPowerTransport>
    <currentVoltage>0.9486,-0.0705</currentVoltage>
    <maxPowerTransport>Infinity</maxPowerTransport>
    <powerConsumption>0.0</powerConsumption>
    <powerDemand>0.0</powerDemand>
    <powerLineCharge>0.0</powerLineCharge>
    <powerProduction>0.0</powerProduction>
    <powerProductionNeeded>0.0</powerProductionNeeded>
    <powerProductionOptimal>0.0</powerProductionOptimal>
    <resistance>0.0</resistance>
    <transportPowerDecrement>0.0</transportPowerDecrement>
    <voltageAngle>0.07418</voltageAngle>
  </SPLINE>
  <SOLAR_POWER_PLANT>
    <X>17</X>
    <Y>13</Y>
    <currentCurrent>0.0</currentCurrent>
    <currentPowerLoss>0.0</currentPowerLoss>
    <currentPowerTransport>0.0</currentPowerTransport>
    <currentVoltage>0.9486,-0.0705</currentVoltage>
    <maxPowerTransport>0.0</maxPowerTransport>
    <powerConsumption>0.0</powerConsumption>
    <powerDemand>0.0</powerDemand>
    <powerLineCharge>0.0</powerLineCharge>
    <powerProduction>0.0</powerProduction>
    <powerProductionNeeded>5.0E-4</powerProductionNeeded>
    <powerProductionOptimal>5000.0</powerProductionOptimal>
    <resistance>0.0</resistance>
    <transportPowerDecrement>0.0</transportPowerDecrement>
    <voltageAngle>0.07418</voltageAngle>
    <model name="SolarPeakPowerModel">
      <efficiency>0.2</efficiency>
      <height>0.0</height>
      <latitude>46.6</latitude>
      <longitude>14.4</longitude>
      <peakPower>5000.0</peakPower>
      <squareMeters>25.0</squareMeters>
    </model>
  </SOLAR_POWER_PLANT>
  <CUSTOM_CONSUMER>
    <X>15</X>
    <Y>13</Y>
    <currentCurrent>0.0</currentCurrent>
    <currentPowerLoss>0.0</currentPowerLoss>
    <currentPowerTransport>0.0</currentPowerTransport>
    <currentVoltage>0.9486,-0.0705</currentVoltage>
    <maxPowerTransport>0.0</maxPowerTransport>
    <powerConsumption>1.0</powerConsumption>
    <powerDemand>1.0</powerDemand>
    <powerLineCharge>0.0</powerLineCharge>
    <powerProduction>0.0</powerProduction>
    <powerProductionNeeded>0.0</powerProductionNeeded>
    <powerProductionOptimal>0.0</powerProductionOptimal>
    <resistance>0.0</resistance>
    <transportPowerDecrement>0.0</transportPowerDecrement>
    <voltageAngle>0.07418</voltageAngle>
    <model name="ConstantDemandModel">
      <powerDemand>1.0</powerDemand>
    </model>
  </CUSTOM_CONSUMER>
  <CUSTOM_CONSUMER>
    <X>16</X>
    <Y>13</Y>
    <currentCurrent>0.0</currentCurrent>
    <currentPowerLoss>0.0</currentPowerLoss>
    <currentPowerTransport>0.0</currentPowerTransport>
    <currentVoltage>0.9486,-0.0705</currentVoltage>
    <maxPowerTransport>0.0</maxPowerTransport>
    <powerConsumption>1.0</powerConsumption>
    <powerDemand>1.0</powerDemand>
    <powerLineCharge>0.0</powerLineCharge>
    <powerProduction>0.0</powerProduction>
    <powerProductionNeeded>0.0</powerProductionNeeded>
    <powerProductionOptimal>0.0</powerProductionOptimal>
    <resistance>0.0</resistance>
    <transportPowerDecrement>0.0</transportPowerDecrement>
    <voltageAngle>0.07418</voltageAngle>
    <model name="ConstantDemandModel">
      <powerDemand>1.0</powerDemand>
    </model>
  </CUSTOM_CONSUMER>
  <CUSTOM_CONSUMER>
    <X>16</X>
    <Y>9</Y>
    <currentCurrent>0.0</currentCurrent>
    <currentPowerLoss>0.0</currentPowerLoss>
    <currentPowerTransport>0.0</currentPowerTransport>
    <currentVoltage>0.9368,-0.0986</currentVoltage>
    <maxPowerTransport>0.0</maxPowerTransport>
    <powerConsumption>147.375</powerConsumption>
    <powerDemand>101.8</powerDemand>
    <powerLineCharge>0.0</powerLineCharge>
    <powerProduction>0.0</powerProduction>
    <powerProductionNeeded>0.0</powerProductionNeeded>
    <powerProductionOptimal>0.0</powerProductionOptimal>
    <resistance>0.0</resistance>
    <transportPowerDecrement>0.0</transportPowerDecrement>
    <voltageAngle>0.10487</voltageAngle>
    <model name="ResidentialAverageLoadCurveModel">
      <annualEnergyConsumption>1000.0</annualEnergyConsumption>
      <powerDemand>101.8</powerDemand>
    </model>
  </CUSTOM_CONSUMER>
  <CUSTOM_CONSUMER>
    <X>12</X>
    <Y>8</Y>
    <currentCurrent>0.0</currentCurrent>
    <currentPowerLoss>0.0</currentPowerLoss>
    <currentPowerTransport>0.0</currentPowerTransport>
    <currentVoltage>0.9499,-0.0782</currentVoltage>
    <maxPowerTransport>0.0</maxPowerTransport>
    <powerConsumption>147.375</powerConsumption>
    <powerDemand>101.8</powerDemand>
    <powerLineCharge>0.0</powerLineCharge>
    <powerProduction>0.0</powerProduction>
    <powerProductionNeeded>0.0</powerProductionNeeded>
    <powerProductionOptimal>0.0</powerProductionOptimal>
    <resistance>0.0</resistance>
    <transportPowerDecrement>0.0</transportPowerDecrement>
    <voltageAngle>0.08214</voltageAngle>
    <model name="ResidentialAverageLoadCurveModel">
      <annualEnergyConsumption>1000.0</annualEnergyConsumption>
      <powerDemand>101.8</powerDemand>
    </model>
  </CUSTOM_CONSUMER>
  <CUSTOM_CONSUMER>
    <X>12</X>
    <Y>9</Y>
    <currentCurrent>0.0</currentCurrent>
    <currentPowerLoss>0.0</currentPowerLoss>
    <currentPowerTransport>0.0</currentPowerTransport>
    <currentVoltage>0.9499,-0.0782</currentVoltage>
    <maxPowerTransport>0.0</maxPowerTransport>
    <powerConsumption>147.375</powerConsumption>
    <powerDemand>101.8</powerDemand>
    <powerLineCharge>0.0</powerLineCharge>
    <powerProduction>0.0</powerProduction>
    <powerProductionNeeded>0.0</powerProductionNeeded>
    <powerProductionOptimal>0.0</powerProductionOptimal>
    <resistance>0.0</resistance>
    <transportPowerDecrement>0.0</transportPowerDecrement>
    <voltageAngle>0.08214</voltageAngle>
    <model name="ResidentialAverageLoadCurveModel">
      <annualEnergyConsumption>1000.0</annualEnergyConsumption>
      <powerDemand>101.8</powerDemand>
    </model>
  </CUSTOM_CONSUMER>
  <CUSTOM_CONSUMER>
    <X>11</X>
    <Y>9</Y>
    <currentCurrent>0.0</currentCurrent>
    <currentPowerLoss>0.0</currentPowerLoss>
    <currentPowerTransport>0.0</currentPowerTransport>
    <currentVoltage>0.9499,-0.0782</currentVoltage>
    <maxPowerTransport>0.0</maxPowerTransport>
    <powerConsumption>147.375</powerConsumption>
    <powerDemand>101.8</powerDemand>
    <powerLineCharge>0.0</powerLineCharge>
    <powerProduction>0.0</powerProduction>
    <powerProductionNeeded>0.0</powerProductionNeeded>
    <powerProductionOptimal>0.0</powerProductionOptimal>
    <resistance>0.0</resistance>
    <transportPowerDecrement>0.0</transportPowerDecrement>
    <voltageAngle>0.08214</voltageAngle>
    <model name="ResidentialAverageLoadCurveModel">
      <annualEnergyConsumption>1000.0</annualEnergyConsumption>
      <powerDemand>101.8</powerDemand>
    </model>
  </CUSTOM_CONSUMER>
  <CUSTOM_CONSUMER>
    <X>20</X>
    <Y>8</Y>
    <currentCurrent>0.0</currentCurrent>
    <currentPowerLoss>0.0</currentPowerLoss>
    <currentPowerTransport>0.0</currentPowerTransport>
    <currentVoltage>0.9643,-0.0641</currentVoltage>
    <maxPowerTransport>0.0</maxPowerTransport>
    <powerConsumption>147.375</powerConsumption>
    <powerDemand>101.8</powerDemand>
    <powerLineCharge>0.0</powerLineCharge>
    <powerProduction>0.0</powerProduction>
    <powerProductionNeeded>0.0</powerProductionNeeded>
    <powerProductionOptimal>0.0</powerProductionOptimal>
    <resistance>0.0</resistance>
    <transportPowerDecrement>0.0</transportPowerDecrement>
    <voltageAngle>0.06638</voltageAngle>
    <model name="ResidentialAverageLoadCurveModel">
      <annualEnergyConsumption>1000.0</annualEnergyConsumption>
      <powerDemand>101.8</powerDemand>
    </model>
  </CUSTOM_CONSUMER>
  <CUSTOM_CONSUMER>
    <X>21</X>
    <Y>8</Y>
    <currentCurrent>0.0</currentCurrent>
    <currentPowerLoss>0.0</currentPowerLoss>
    <currentPowerTransport>0.0</currentPowerTransport>
    <currentVoltage>0.9643,-0.0641</currentVoltage>
    <maxPowerTransport>0.0</maxPowerTransport>
    <powerConsumption>147.375</powerConsumption>
    <powerDemand>101.8</powerDemand>
    <powerLineCharge>0.0</powerLineCharge>
    <powerProduction>0.0</powerProduction>
    <powerProductionNeeded>0.0</powerProductionNeeded>
    <powerProductionOptimal>0.0</powerProductionOptimal>
    <resistance>0.0</resistance>
    <transportPowerDecrement>0.0</transportPowerDecrement>
    <voltageAngle>0.06638</voltageAngle>
    <model name="ResidentialAverageLoadCurveModel">
      <annualEnergyConsumption>1000.0</annualEnergyConsumption>
      <powerDemand>101.8</powerDemand>
    </model>
  </CUSTOM_CONSUMER>
  <CUSTOM_CONSUMER>
    <X>21</X>
    <Y>7</Y>
    <currentCurrent>0.0</currentCurrent>
    <currentPowerLoss>0.0</currentPowerLoss>
    <currentPowerTransport>0.0</currentPowerTransport>
    <currentVoltage>0.9643,-0.0641</currentVoltage>
    <maxPowerTransport>0.0</maxPowerTransport>
    <powerConsumption>147.375</powerConsumption>
    <powerDemand>101.8</powerDemand>
    <powerLineCharge>0.0</powerLineCharge>
    <powerProduction>0.0</powerProduction>
    <powerProductionNeeded>0.0</powerProductionNeeded>
    <powerProductionOptimal>0.0</powerProductionOptimal>
    <resistance>0.0</resistance>
    <transportPowerDecrement>0.0</transportPowerDecrement>
    <voltageAngle>0.06638</voltageAngle>
    <model name="ResidentialAverageLoadCurveModel">
      <annualEnergyConsumption>1000.0</annualEnergyConsumption>
      <powerDemand>101.8</powerDemand>
    </model>
  </CUSTOM_CONSUMER>
  <FOSSIL_FUEL_POWER_PLANT>
    <X>20</X>
    <Y>7</Y>
    <currentCurrent>0.0</currentCurrent>
    <currentPowerLoss>0.0</currentPowerLoss>
    <currentPowerTransport>0.0</currentPowerTransport>
    <currentVoltage>1.0</currentVoltage>
    <maxPowerTransport>0.0</maxPowerTransport>
    <powerConsumption>0.0</powerConsumption>
    <powerDemand>0.0</powerDemand>
    <powerLineCharge>0.0</powerLineCharge>
    <powerProduction>500.0</powerProduction>
    <powerProductionNeeded>0.0</powerProductionNeeded>
    <powerProductionOptimal>0.0</powerProductionOptimal>
    <resistance>0.0</resistance>
    <transportPowerDecrement>0.0</transportPowerDecrement>
    <voltageAngle>0.0</voltageAngle>
    <model name="FossilFuels">
      <peakPower>500.0</peakPower>
      <tankLevel>100.0</tankLevel>
      <tankSize>10.0</tankSize>
    </model>
  </FOSSIL_FUEL_POWER_PLANT>
  <SPLINE>
    <X>19</X>
    <Y>9</Y>
    <currentCurrent>0.0</currentCurrent>
    <currentPowerLoss>0.0</currentPowerLoss>
    <currentPowerTransport>0.0</currentPowerTransport>
    <currentVoltage>0.9643,-0.0641</currentVoltage>
    <maxPowerTransport>Infinity</maxPowerTransport>
    <powerConsumption>0.0</powerConsumption>
    <powerDemand>0.0</powerDemand>
    <powerLineCharge>0.0</powerLineCharge>
    <powerProduction>0.0</powerProduction>
    <powerProductionNeeded>0.0</powerProductionNeeded>
    <powerProductionOptimal>0.0</powerProductionOptimal>
    <resistance>0.0</resistance>
    <transportPowerDecrement>0.0</transportPowerDecrement>
    <voltageAngle>0.06638</voltageAngle>
  </SPLINE>
  <SPLINE>
    <X>19</X>
    <Y>11</Y>
    <currentCurrent>0.0</currentCurrent>
    <currentPowerLoss>0.0</currentPowerLoss>
    <currentPowerTransport>0.0</currentPowerTransport>
    <currentVoltage>0.9486,-0.0705</currentVoltage>
    <maxPowerTransport>Infinity</maxPowerTransport>
    <powerConsumption>0.0</powerConsumption>
    <powerDemand>0.0</powerDemand>
    <powerLineCharge>0.0</powerLineCharge>
    <powerProduction>0.0</powerProduction>
    <powerProductionNeeded>0.0</powerProductionNeeded>
    <powerProductionOptimal>0.0</powerProductionOptimal>
    <resistance>0.0</resistance>
    <transportPowerDecrement>0.0</transportPowerDecrement>
    <voltageAngle>0.07418</voltageAngle>
  </SPLINE>
  <SPLINE>
    <X>19</X>
    <Y>12</Y>
    <currentCurrent>0.0</currentCurrent>
    <currentPowerLoss>0.0</currentPowerLoss>
    <currentPowerTransport>0.0</currentPowerTransport>
    <currentVoltage>0.9486,-0.0705</currentVoltage>
    <maxPowerTransport>Infinity</maxPowerTransport>
    <powerConsumption>0.0</powerConsumption>
    <powerDemand>0.0</powerDemand>
    <powerLineCharge>0.0</powerLineCharge>
    <powerProduction>0.0</powerProduction>
    <powerProductionNeeded>0.0</powerProductionNeeded>
    <powerProductionOptimal>0.0</powerProductionOptimal>
    <resistance>0.0</resistance>
    <transportPowerDecrement>0.0</transportPowerDecrement>
    <voltageAngle>0.07418</voltageAngle>
  </SPLINE>
  <SPLINE>
    <X>19</X>
    <Y>13</Y>
    <currentCurrent>0.0</currentCurrent>
    <currentPowerLoss>0.0</currentPowerLoss>
    <currentPowerTransport>0.0</currentPowerTransport>
    <currentVoltage>0.9486,-0.0705</currentVoltage>
    <maxPowerTransport>Infinity</maxPowerTransport>
    <powerConsumption>0.0</powerConsumption>
    <powerDemand>0.0</powerDemand>
    <powerLineCharge>0.0</powerLineCharge>
    <powerProduction>0.0</powerProduction>
    <powerProductionNeeded>0.0</powerProductionNeeded>
    <powerProductionOptimal>0.0</powerProductionOptimal>
    <resistance>0.0</resistance>
    <transportPowerDecrement>0.0</transportPowerDecrement>
    <voltageAngle>0.07418</voltageAngle>
  </SPLINE>
  <SPLINE>
    <X>18</X>
    <Y>13</Y>
    <currentCurrent>0.0</currentCurrent>
    <currentPowerLoss>0.0</currentPowerLoss>
    <currentPowerTransport>0.0</currentPowerTransport>
    <currentVoltage>0.9643,-0.0641</currentVoltage>
    <maxPowerTransport>Infinity</maxPowerTransport>
    <powerConsumption>0.0</powerConsumption>
    <powerDemand>0.0</powerDemand>
    <powerLineCharge>0.0</powerLineCharge>
    <powerProduction>0.0</powerProduction>
    <powerProductionNeeded>0.0</powerProductionNeeded>
    <powerProductionOptimal>0.0</powerProductionOptimal>
    <resistance>0.0</resistance>
    <transportPowerDecrement>0.0</transportPowerDecrement>
    <voltageAngle>0.06638</voltageAngle>
  </SPLINE>
  <PLINE>
    <X>19</X>
    <Y>10</Y>
    <currentCurrent>0.0</currentCurrent>
    <currentPowerLoss>0.0</currentPowerLoss>
    <currentPowerTransport>0.0</currentPowerTransport>
    <currentVoltage>1.0</currentVoltage>
    <maxPowerTransport>10000.0</maxPowerTransport>
    <powerConsumption>0.0</powerConsumption>
    <powerDemand>0.0</powerDemand>
    <powerLineCharge>0.0</powerLineCharge>
    <powerProduction>0.0</powerProduction>
    <powerProductionNeeded>0.0</powerProductionNeeded>
    <powerProductionOptimal>0.0</powerProductionOptimal>
    <resistance>1.0</resistance>
    <transportPowerDecrement>0.01</transportPowerDecrement>
    <voltageAngle>0.0</voltageAngle>
  </PLINE>
</root>
