<?xml version="1.0" encoding="UTF-8"?>

<root>
  <SOLAR_POWER_PLANT>
    <X>15</X>
    <Y>7</Y>
    <currentCurrent>0.0</currentCurrent>
    <currentPowerLoss>0.0</currentPowerLoss>
    <currentPowerTransport>0.0</currentPowerTransport>
    <currentVoltage>1.0</currentVoltage>
    <maxPowerTransport>0.0</maxPowerTransport>
    <nominalVoltage>1.0</nominalVoltage>
    <powerConsumption>0.0</powerConsumption>
    <powerDemand>0.0</powerDemand>
    <powerLineCharge>0.0</powerLineCharge>
    <powerProduction>0.0067</powerProduction>
    <powerProductionNeeded>0.0067</powerProductionNeeded>
    <powerProductionOptimal>0.1</powerProductionOptimal>
    <resistance>0.0</resistance>
    <transportPowerDecrement>0.0</transportPowerDecrement>
    <voltageAngle>0.0</voltageAngle>
    <model name="SolarPeakPowerModel">
      <efficiency>0.2</efficiency>
      <height>1.0</height>
      <latitude>46.6</latitude>
      <longitude>14.4</longitude>
      <powerProduction>0.0067</powerProduction>
      <powerProductionOptimal>0.1</powerProductionOptimal>
      <squareMeters>5.0E-4</squareMeters>
    </model>
  </SOLAR_POWER_PLANT>
  <SPLINE>
    <X>12</X>
    <Y>7</Y>
    <currentCurrent>0.0</currentCurrent>
    <currentPowerLoss>0.0</currentPowerLoss>
    <currentPowerTransport>0.0</currentPowerTransport>
    <currentVoltage>1.0</currentVoltage>
    <maxPowerTransport>Infinity</maxPowerTransport>
    <nominalVoltage>1.0</nominalVoltage>
    <powerConsumption>0.0</powerConsumption>
    <powerDemand>0.0</powerDemand>
    <powerLineCharge>0.0</powerLineCharge>
    <powerProduction>0.0</powerProduction>
    <powerProductionNeeded>0.0</powerProductionNeeded>
    <powerProductionOptimal>0.0</powerProductionOptimal>
    <resistance>0.0</resistance>
    <transportPowerDecrement>0.0</transportPowerDecrement>
    <voltageAngle>0.0</voltageAngle>
  </SPLINE>
  <SPLINE>
    <X>14</X>
    <Y>7</Y>
    <currentCurrent>0.0</currentCurrent>
    <currentPowerLoss>0.0</currentPowerLoss>
    <currentPowerTransport>0.0</currentPowerTransport>
    <currentVoltage>1.0</currentVoltage>
    <maxPowerTransport>Infinity</maxPowerTransport>
    <nominalVoltage>1.0</nominalVoltage>
    <powerConsumption>0.0</powerConsumption>
    <powerDemand>0.0</powerDemand>
    <powerLineCharge>0.0</powerLineCharge>
    <powerProduction>0.0</powerProduction>
    <powerProductionNeeded>0.0</powerProductionNeeded>
    <powerProductionOptimal>0.0</powerProductionOptimal>
    <resistance>0.0</resistance>
    <transportPowerDecrement>0.0</transportPowerDecrement>
    <voltageAngle>0.0</voltageAngle>
  </SPLINE>
  <CUSTOM_CONSUMER>
    <X>12</X>
    <Y>14</Y>
    <currentCurrent>0.0</currentCurrent>
    <currentPowerLoss>0.0</currentPowerLoss>
    <currentPowerTransport>0.0</currentPowerTransport>
    <currentVoltage>1.0</currentVoltage>
    <maxPowerTransport>0.0</maxPowerTransport>
    <nominalVoltage>1.0</nominalVoltage>
    <powerConsumption>0.006700000000000039</powerConsumption>
    <powerDemand>1.0</powerDemand>
    <powerLineCharge>0.0</powerLineCharge>
    <powerProduction>0.0</powerProduction>
    <powerProductionNeeded>0.0</powerProductionNeeded>
    <powerProductionOptimal>0.0</powerProductionOptimal>
    <resistance>0.0</resistance>
    <transportPowerDecrement>0.0</transportPowerDecrement>
    <voltageAngle>0.0</voltageAngle>
    <model name="ConstantDemandModel">
      <powerDemand>1.0</powerDemand>
    </model>
  </CUSTOM_CONSUMER>
  <SPLINE>
    <X>13</X>
    <Y>15</Y>
    <currentCurrent>0.0</currentCurrent>
    <currentPowerLoss>0.0</currentPowerLoss>
    <currentPowerTransport>0.0</currentPowerTransport>
    <currentVoltage>1.0</currentVoltage>
    <maxPowerTransport>Infinity</maxPowerTransport>
    <nominalVoltage>1.0</nominalVoltage>
    <powerConsumption>0.0</powerConsumption>
    <powerDemand>0.0</powerDemand>
    <powerLineCharge>0.0</powerLineCharge>
    <powerProduction>0.0</powerProduction>
    <powerProductionNeeded>0.0</powerProductionNeeded>
    <powerProductionOptimal>0.0</powerProductionOptimal>
    <resistance>0.0</resistance>
    <transportPowerDecrement>0.0</transportPowerDecrement>
    <voltageAngle>0.0</voltageAngle>
  </SPLINE>
  <SPLINE>
    <X>13</X>
    <Y>14</Y>
    <currentCurrent>0.0</currentCurrent>
    <currentPowerLoss>0.0</currentPowerLoss>
    <currentPowerTransport>0.0</currentPowerTransport>
    <currentVoltage>1.0</currentVoltage>
    <maxPowerTransport>Infinity</maxPowerTransport>
    <nominalVoltage>1.0</nominalVoltage>
    <powerConsumption>0.0</powerConsumption>
    <powerDemand>0.0</powerDemand>
    <powerLineCharge>0.0</powerLineCharge>
    <powerProduction>0.0</powerProduction>
    <powerProductionNeeded>0.0</powerProductionNeeded>
    <powerProductionOptimal>0.0</powerProductionOptimal>
    <resistance>0.0</resistance>
    <transportPowerDecrement>0.0</transportPowerDecrement>
    <voltageAngle>0.0</voltageAngle>
  </SPLINE>
  <SPLINE>
    <X>13</X>
    <Y>16</Y>
    <currentCurrent>0.0</currentCurrent>
    <currentPowerLoss>0.0</currentPowerLoss>
    <currentPowerTransport>0.0</currentPowerTransport>
    <currentVoltage>1.0</currentVoltage>
    <maxPowerTransport>Infinity</maxPowerTransport>
    <nominalVoltage>1.0</nominalVoltage>
    <powerConsumption>0.0</powerConsumption>
    <powerDemand>0.0</powerDemand>
    <powerLineCharge>0.0</powerLineCharge>
    <powerProduction>0.0</powerProduction>
    <powerProductionNeeded>0.0</powerProductionNeeded>
    <powerProductionOptimal>0.0</powerProductionOptimal>
    <resistance>0.0</resistance>
    <transportPowerDecrement>0.0</transportPowerDecrement>
    <voltageAngle>0.0</voltageAngle>
  </SPLINE>
  <SOLAR_POWER_PLANT>
    <X>13</X>
    <Y>17</Y>
    <currentCurrent>0.0</currentCurrent>
    <currentPowerLoss>0.0</currentPowerLoss>
    <currentPowerTransport>0.0</currentPowerTransport>
    <currentVoltage>1.0</currentVoltage>
    <maxPowerTransport>0.0</maxPowerTransport>
    <nominalVoltage>1.0</nominalVoltage>
    <powerConsumption>0.0</powerConsumption>
    <powerDemand>0.0</powerDemand>
    <powerLineCharge>0.0</powerLineCharge>
    <powerProduction>0.0067</powerProduction>
    <powerProductionNeeded>0.0067</powerProductionNeeded>
    <powerProductionOptimal>0.1</powerProductionOptimal>
    <resistance>0.0</resistance>
    <transportPowerDecrement>0.0</transportPowerDecrement>
    <voltageAngle>0.0</voltageAngle>
    <model name="SolarPeakPowerModel">
      <efficiency>0.2</efficiency>
      <height>1.0</height>
      <latitude>46.6</latitude>
      <longitude>14.4</longitude>
      <powerProduction>0.0067</powerProduction>
      <powerProductionOptimal>0.1</powerProductionOptimal>
      <squareMeters>5.0E-4</squareMeters>
    </model>
  </SOLAR_POWER_PLANT>
  <CUSTOM_CONSUMER>
    <X>19</X>
    <Y>16</Y>
    <currentCurrent>0.0</currentCurrent>
    <currentPowerLoss>0.0</currentPowerLoss>
    <currentPowerTransport>0.0</currentPowerTransport>
    <currentVoltage>1.0</currentVoltage>
    <maxPowerTransport>0.0</maxPowerTransport>
    <nominalVoltage>1.0</nominalVoltage>
    <powerConsumption>0.35030000000000006</powerConsumption>
    <powerDemand>1.0</powerDemand>
    <powerLineCharge>0.0</powerLineCharge>
    <powerProduction>0.0</powerProduction>
    <powerProductionNeeded>0.0</powerProductionNeeded>
    <powerProductionOptimal>0.0</powerProductionOptimal>
    <resistance>0.0</resistance>
    <transportPowerDecrement>0.0</transportPowerDecrement>
    <voltageAngle>0.0</voltageAngle>
    <model name="ConstantDemandModel">
      <powerDemand>1.0</powerDemand>
    </model>
  </CUSTOM_CONSUMER>
  <SPLINE>
    <X>20</X>
    <Y>16</Y>
    <currentCurrent>0.0</currentCurrent>
    <currentPowerLoss>0.0</currentPowerLoss>
    <currentPowerTransport>0.0</currentPowerTransport>
    <currentVoltage>1.0</currentVoltage>
    <maxPowerTransport>Infinity</maxPowerTransport>
    <nominalVoltage>1.0</nominalVoltage>
    <powerConsumption>0.0</powerConsumption>
    <powerDemand>0.0</powerDemand>
    <powerLineCharge>0.0</powerLineCharge>
    <powerProduction>0.0</powerProduction>
    <powerProductionNeeded>0.0</powerProductionNeeded>
    <powerProductionOptimal>0.0</powerProductionOptimal>
    <resistance>0.0</resistance>
    <transportPowerDecrement>0.0</transportPowerDecrement>
    <voltageAngle>0.0</voltageAngle>
  </SPLINE>
  <SPLINE>
    <X>22</X>
    <Y>16</Y>
    <currentCurrent>0.0</currentCurrent>
    <currentPowerLoss>0.0</currentPowerLoss>
    <currentPowerTransport>0.0</currentPowerTransport>
    <currentVoltage>1.0</currentVoltage>
    <maxPowerTransport>Infinity</maxPowerTransport>
    <nominalVoltage>1.0</nominalVoltage>
    <powerConsumption>0.0</powerConsumption>
    <powerDemand>0.0</powerDemand>
    <powerLineCharge>0.0</powerLineCharge>
    <powerProduction>0.0</powerProduction>
    <powerProductionNeeded>0.0</powerProductionNeeded>
    <powerProductionOptimal>0.0</powerProductionOptimal>
    <resistance>0.0</resistance>
    <transportPowerDecrement>0.0</transportPowerDecrement>
    <voltageAngle>0.0</voltageAngle>
  </SPLINE>
  <WIND_TURBINE_POWER_PLANT>
    <X>23</X>
    <Y>16</Y>
    <currentCurrent>0.0</currentCurrent>
    <currentPowerLoss>0.0</currentPowerLoss>
    <currentPowerTransport>0.0</currentPowerTransport>
    <currentVoltage>1.0</currentVoltage>
    <maxPowerTransport>0.0</maxPowerTransport>
    <nominalVoltage>1.0</nominalVoltage>
    <powerConsumption>0.0</powerConsumption>
    <powerDemand>0.0</powerDemand>
    <powerLineCharge>0.0</powerLineCharge>
    <powerProduction>0.3503</powerProduction>
    <powerProductionNeeded>0.3503</powerProductionNeeded>
    <powerProductionOptimal>0.5</powerProductionOptimal>
    <resistance>0.0</resistance>
    <transportPowerDecrement>0.0</transportPowerDecrement>
    <voltageAngle>0.0</voltageAngle>
    <model name="RandomWindTurbineModel">
      <powerProduction>0.3503</powerProduction>
      <powerProductionOptimal>0.5</powerProductionOptimal>
      <randomProductionFactor>0.2</randomProductionFactor>
    </model>
  </WIND_TURBINE_POWER_PLANT>
  <PLINE>
    <X>13</X>
    <Y>7</Y>
    <currentCurrent>0.0</currentCurrent>
    <currentPowerLoss>0.0</currentPowerLoss>
    <currentPowerTransport>0.0</currentPowerTransport>
    <currentVoltage>1.0</currentVoltage>
    <maxPowerTransport>10000.0</maxPowerTransport>
    <nominalVoltage>1.0</nominalVoltage>
    <powerConsumption>0.0</powerConsumption>
    <powerDemand>0.0</powerDemand>
    <powerLineCharge>0.0</powerLineCharge>
    <powerProduction>0.0</powerProduction>
    <powerProductionNeeded>0.0</powerProductionNeeded>
    <powerProductionOptimal>0.0</powerProductionOptimal>
    <resistance>1.0</resistance>
    <transportPowerDecrement>0.01</transportPowerDecrement>
    <voltageAngle>0.0</voltageAngle>
  </PLINE>
  <PLINE>
    <X>21</X>
    <Y>16</Y>
    <currentCurrent>0.0</currentCurrent>
    <currentPowerLoss>0.0</currentPowerLoss>
    <currentPowerTransport>0.0</currentPowerTransport>
    <currentVoltage>1.0</currentVoltage>
    <maxPowerTransport>10000.0</maxPowerTransport>
    <nominalVoltage>1.0</nominalVoltage>
    <powerConsumption>0.0</powerConsumption>
    <powerDemand>0.0</powerDemand>
    <powerLineCharge>0.0</powerLineCharge>
    <powerProduction>0.0</powerProduction>
    <powerProductionNeeded>0.0</powerProductionNeeded>
    <powerProductionOptimal>0.0</powerProductionOptimal>
    <resistance>1.0</resistance>
    <transportPowerDecrement>0.01</transportPowerDecrement>
    <voltageAngle>0.0</voltageAngle>
  </PLINE>
  <CUSTOM_CONSUMER>
    <X>11</X>
    <Y>7</Y>
    <currentCurrent>0.0</currentCurrent>
    <currentPowerLoss>0.0</currentPowerLoss>
    <currentPowerTransport>0.0</currentPowerTransport>
    <currentVoltage>1.0</currentVoltage>
    <maxPowerTransport>0.0</maxPowerTransport>
    <nominalVoltage>1.0</nominalVoltage>
    <powerConsumption>0.006699999999999928</powerConsumption>
    <powerDemand>2.0</powerDemand>
    <powerLineCharge>0.0</powerLineCharge>
    <powerProduction>0.0</powerProduction>
    <powerProductionNeeded>0.0</powerProductionNeeded>
    <powerProductionOptimal>0.0</powerProductionOptimal>
    <resistance>0.0</resistance>
    <transportPowerDecrement>0.0</transportPowerDecrement>
    <voltageAngle>0.0</voltageAngle>
    <model name="ConstantDemandModel">
      <powerDemand>2.0</powerDemand>
    </model>
  </CUSTOM_CONSUMER>
</root>
