<?xml version="1.0" encoding="UTF-8"?>

<root>
  <PLINE>
    <X>14</X>
    <Y>10</Y>
    <currentCurrent>0.0824,-0.0128</currentCurrent>
    <currentPowerLoss>7.0E-4,0.00139</currentPowerLoss>
    <currentPowerTransport>8070.28,932.96</currentPowerTransport>
    <currentVoltage>0.0108,0.0152</currentVoltage>
    <maxPowerTransport>10000.0</maxPowerTransport>
    <powerConsumption>0.0</powerConsumption>
    <powerDemand>0.0</powerDemand>
    <powerLineCharge>0.0</powerLineCharge>
    <powerProduction>0.0</powerProduction>
    <powerProductionNeeded>0.0</powerProductionNeeded>
    <powerProductionOptimal>0.0</powerProductionOptimal>
    <resistance>0.1,0.2</resistance>
    <transportPowerDecrement>0.01</transportPowerDecrement>
    <voltageAngle>54.605</voltageAngle>
  </PLINE>
  <SPLINE>
    <X>13</X>
    <Y>9</Y>
    <currentCurrent>0.0</currentCurrent>
    <currentPowerLoss>0.0</currentPowerLoss>
    <currentPowerTransport>0.0</currentPowerTransport>
    <currentVoltage>0.9735,-0.038</currentVoltage>
    <maxPowerTransport>Infinity</maxPowerTransport>
    <powerConsumption>0.0</powerConsumption>
    <powerDemand>0.0</powerDemand>
    <powerLineCharge>0.0</powerLineCharge>
    <powerProduction>0.0</powerProduction>
    <powerProductionNeeded>0.0</powerProductionNeeded>
    <powerProductionOptimal>0.0</powerProductionOptimal>
    <resistance>0.0</resistance>
    <transportPowerDecrement>0.0</transportPowerDecrement>
    <voltageAngle>0.03901</voltageAngle>
  </SPLINE>
  <SPLINE>
    <X>13</X>
    <Y>10</Y>
    <currentCurrent>0.0</currentCurrent>
    <currentPowerLoss>0.0</currentPowerLoss>
    <currentPowerTransport>0.0</currentPowerTransport>
    <currentVoltage>0.9735,-0.038</currentVoltage>
    <maxPowerTransport>Infinity</maxPowerTransport>
    <powerConsumption>0.0</powerConsumption>
    <powerDemand>0.0</powerDemand>
    <powerLineCharge>0.0</powerLineCharge>
    <powerProduction>0.0</powerProduction>
    <powerProductionNeeded>0.0</powerProductionNeeded>
    <powerProductionOptimal>0.0</powerProductionOptimal>
    <resistance>0.0</resistance>
    <transportPowerDecrement>0.0</transportPowerDecrement>
    <voltageAngle>0.03901</voltageAngle>
  </SPLINE>
  <SPLINE>
    <X>15</X>
    <Y>10</Y>
    <currentCurrent>0.0</currentCurrent>
    <currentPowerLoss>0.0</currentPowerLoss>
    <currentPowerTransport>0.0</currentPowerTransport>
    <currentVoltage>0.9627,-0.0532</currentVoltage>
    <maxPowerTransport>Infinity</maxPowerTransport>
    <powerConsumption>0.0</powerConsumption>
    <powerDemand>0.0</powerDemand>
    <powerLineCharge>0.0</powerLineCharge>
    <powerProduction>0.0</powerProduction>
    <powerProductionNeeded>0.0</powerProductionNeeded>
    <powerProductionOptimal>0.0</powerProductionOptimal>
    <resistance>0.0</resistance>
    <transportPowerDecrement>0.0</transportPowerDecrement>
    <voltageAngle>0.05521</voltageAngle>
  </SPLINE>
  <GRID_POWER>
    <X>16</X>
    <Y>5</Y>
    <currentCurrent>0.0</currentCurrent>
    <currentPowerLoss>0.0</currentPowerLoss>
    <currentPowerTransport>0.0</currentPowerTransport>
    <currentVoltage>1.0</currentVoltage>
    <maxPowerTransport>0.0</maxPowerTransport>
    <powerConsumption>0.0</powerConsumption>
    <powerDemand>0.0</powerDemand>
    <powerLineCharge>0.0</powerLineCharge>
    <powerProduction>20171.9808</powerProduction>
    <powerProductionNeeded>0.0</powerProductionNeeded>
    <powerProductionOptimal>4801.2288,914.5483</powerProductionOptimal>
    <resistance>0.0</resistance>
    <transportPowerDecrement>0.0</transportPowerDecrement>
    <voltageAngle>0.0</voltageAngle>
  </GRID_POWER>
  <PLINE>
    <X>14</X>
    <Y>6</Y>
    <currentCurrent>-0.205,0.03</currentCurrent>
    <currentPowerLoss>0.00429,0.00858</currentPowerLoss>
    <currentPowerTransport>-20070.75,-2141.5</currentPowerTransport>
    <currentVoltage>-0.0265,-0.038</currentVoltage>
    <maxPowerTransport>10000.0</maxPowerTransport>
    <powerConsumption>0.0</powerConsumption>
    <powerDemand>0.0</powerDemand>
    <powerLineCharge>0.0</powerLineCharge>
    <powerProduction>0.0</powerProduction>
    <powerProductionNeeded>0.0</powerProductionNeeded>
    <powerProductionOptimal>0.0</powerProductionOptimal>
    <resistance>0.1,0.2</resistance>
    <transportPowerDecrement>0.01</transportPowerDecrement>
    <voltageAngle>-55.109</voltageAngle>
  </PLINE>
  <PLINE>
    <X>18</X>
    <Y>6</Y>
    <currentCurrent>0.101,-0.012</currentCurrent>
    <currentPowerLoss>0.00103,0.00207</currentPowerLoss>
    <currentPowerTransport>10100.0,1200.0</currentPowerTransport>
    <currentVoltage>0.0125,0.019</currentVoltage>
    <maxPowerTransport>10000.0</maxPowerTransport>
    <powerConsumption>0.0</powerConsumption>
    <powerDemand>0.0</powerDemand>
    <powerLineCharge>0.0</powerLineCharge>
    <powerProduction>0.0</powerProduction>
    <powerProductionNeeded>0.0</powerProductionNeeded>
    <powerProductionOptimal>0.0</powerProductionOptimal>
    <resistance>0.1,0.2</resistance>
    <transportPowerDecrement>0.01</transportPowerDecrement>
    <voltageAngle>56.659</voltageAngle>
  </PLINE>
  <SPLINE>
    <X>13</X>
    <Y>6</Y>
    <currentCurrent>0.0</currentCurrent>
    <currentPowerLoss>0.0</currentPowerLoss>
    <currentPowerTransport>0.0</currentPowerTransport>
    <currentVoltage>0.9735,-0.038</currentVoltage>
    <maxPowerTransport>Infinity</maxPowerTransport>
    <powerConsumption>0.0</powerConsumption>
    <powerDemand>0.0</powerDemand>
    <powerLineCharge>0.0</powerLineCharge>
    <powerProduction>0.0</powerProduction>
    <powerProductionNeeded>0.0</powerProductionNeeded>
    <powerProductionOptimal>0.0</powerProductionOptimal>
    <resistance>0.0</resistance>
    <transportPowerDecrement>0.0</transportPowerDecrement>
    <voltageAngle>0.03901</voltageAngle>
  </SPLINE>
  <SPLINE>
    <X>15</X>
    <Y>6</Y>
    <currentCurrent>0.0</currentCurrent>
    <currentPowerLoss>0.0</currentPowerLoss>
    <currentPowerTransport>0.0</currentPowerTransport>
    <currentVoltage>1.0</currentVoltage>
    <maxPowerTransport>Infinity</maxPowerTransport>
    <powerConsumption>0.0</powerConsumption>
    <powerDemand>0.0</powerDemand>
    <powerLineCharge>0.0</powerLineCharge>
    <powerProduction>0.0</powerProduction>
    <powerProductionNeeded>0.0</powerProductionNeeded>
    <powerProductionOptimal>0.0</powerProductionOptimal>
    <resistance>0.0</resistance>
    <transportPowerDecrement>0.0</transportPowerDecrement>
    <voltageAngle>0.0</voltageAngle>
  </SPLINE>
  <SPLINE>
    <X>16</X>
    <Y>6</Y>
    <currentCurrent>0.0</currentCurrent>
    <currentPowerLoss>0.0</currentPowerLoss>
    <currentPowerTransport>0.0</currentPowerTransport>
    <currentVoltage>1.0</currentVoltage>
    <maxPowerTransport>Infinity</maxPowerTransport>
    <powerConsumption>0.0</powerConsumption>
    <powerDemand>0.0</powerDemand>
    <powerLineCharge>0.0</powerLineCharge>
    <powerProduction>0.0</powerProduction>
    <powerProductionNeeded>0.0</powerProductionNeeded>
    <powerProductionOptimal>0.0</powerProductionOptimal>
    <resistance>0.0</resistance>
    <transportPowerDecrement>0.0</transportPowerDecrement>
    <voltageAngle>0.0</voltageAngle>
  </SPLINE>
  <SPLINE>
    <X>17</X>
    <Y>6</Y>
    <currentCurrent>0.0</currentCurrent>
    <currentPowerLoss>0.0</currentPowerLoss>
    <currentPowerTransport>0.0</currentPowerTransport>
    <currentVoltage>1.0</currentVoltage>
    <maxPowerTransport>Infinity</maxPowerTransport>
    <powerConsumption>0.0</powerConsumption>
    <powerDemand>0.0</powerDemand>
    <powerLineCharge>0.0</powerLineCharge>
    <powerProduction>0.0</powerProduction>
    <powerProductionNeeded>0.0</powerProductionNeeded>
    <powerProductionOptimal>0.0</powerProductionOptimal>
    <resistance>0.0</resistance>
    <transportPowerDecrement>0.0</transportPowerDecrement>
    <voltageAngle>0.0</voltageAngle>
  </SPLINE>
  <SPLINE>
    <X>19</X>
    <Y>6</Y>
    <currentCurrent>0.0</currentCurrent>
    <currentPowerLoss>0.0</currentPowerLoss>
    <currentPowerTransport>0.0</currentPowerTransport>
    <currentVoltage>0.9875,-0.019</currentVoltage>
    <maxPowerTransport>Infinity</maxPowerTransport>
    <powerConsumption>0.0</powerConsumption>
    <powerDemand>0.0</powerDemand>
    <powerLineCharge>0.0</powerLineCharge>
    <powerProduction>0.0</powerProduction>
    <powerProductionNeeded>0.0</powerProductionNeeded>
    <powerProductionOptimal>0.0</powerProductionOptimal>
    <resistance>0.0</resistance>
    <transportPowerDecrement>0.0</transportPowerDecrement>
    <voltageAngle>0.01924</voltageAngle>
  </SPLINE>
  <SPLINE>
    <X>19</X>
    <Y>7</Y>
    <currentCurrent>0.0</currentCurrent>
    <currentPowerLoss>0.0</currentPowerLoss>
    <currentPowerTransport>0.0</currentPowerTransport>
    <currentVoltage>0.9875,-0.019</currentVoltage>
    <maxPowerTransport>Infinity</maxPowerTransport>
    <powerConsumption>0.0</powerConsumption>
    <powerDemand>0.0</powerDemand>
    <powerLineCharge>0.0</powerLineCharge>
    <powerProduction>0.0</powerProduction>
    <powerProductionNeeded>0.0</powerProductionNeeded>
    <powerProductionOptimal>0.0</powerProductionOptimal>
    <resistance>0.0</resistance>
    <transportPowerDecrement>0.0</transportPowerDecrement>
    <voltageAngle>0.01924</voltageAngle>
  </SPLINE>
  <SPLINE>
    <X>13</X>
    <Y>7</Y>
    <currentCurrent>0.0</currentCurrent>
    <currentPowerLoss>0.0</currentPowerLoss>
    <currentPowerTransport>0.0</currentPowerTransport>
    <currentVoltage>0.9735,-0.038</currentVoltage>
    <maxPowerTransport>Infinity</maxPowerTransport>
    <powerConsumption>0.0</powerConsumption>
    <powerDemand>0.0</powerDemand>
    <powerLineCharge>0.0</powerLineCharge>
    <powerProduction>0.0</powerProduction>
    <powerProductionNeeded>0.0</powerProductionNeeded>
    <powerProductionOptimal>0.0</powerProductionOptimal>
    <resistance>0.0</resistance>
    <transportPowerDecrement>0.0</transportPowerDecrement>
    <voltageAngle>0.03901</voltageAngle>
  </SPLINE>
  <SPLINE>
    <X>13</X>
    <Y>8</Y>
    <currentCurrent>0.0</currentCurrent>
    <currentPowerLoss>0.0</currentPowerLoss>
    <currentPowerTransport>0.0</currentPowerTransport>
    <currentVoltage>0.9735,-0.038</currentVoltage>
    <maxPowerTransport>Infinity</maxPowerTransport>
    <powerConsumption>0.0</powerConsumption>
    <powerDemand>0.0</powerDemand>
    <powerLineCharge>0.0</powerLineCharge>
    <powerProduction>0.0</powerProduction>
    <powerProductionNeeded>0.0</powerProductionNeeded>
    <powerProductionOptimal>0.0</powerProductionOptimal>
    <resistance>0.0</resistance>
    <transportPowerDecrement>0.0</transportPowerDecrement>
    <voltageAngle>0.03901</voltageAngle>
  </SPLINE>
  <SPLINE>
    <X>19</X>
    <Y>8</Y>
    <currentCurrent>0.0</currentCurrent>
    <currentPowerLoss>0.0</currentPowerLoss>
    <currentPowerTransport>0.0</currentPowerTransport>
    <currentVoltage>0.9875,-0.019</currentVoltage>
    <maxPowerTransport>Infinity</maxPowerTransport>
    <powerConsumption>0.0</powerConsumption>
    <powerDemand>0.0</powerDemand>
    <powerLineCharge>0.0</powerLineCharge>
    <powerProduction>0.0</powerProduction>
    <powerProductionNeeded>0.0</powerProductionNeeded>
    <powerProductionOptimal>0.0</powerProductionOptimal>
    <resistance>0.0</resistance>
    <transportPowerDecrement>0.0</transportPowerDecrement>
    <voltageAngle>0.01924</voltageAngle>
  </SPLINE>
  <SPLINE>
    <X>16</X>
    <Y>10</Y>
    <currentCurrent>0.0</currentCurrent>
    <currentPowerLoss>0.0</currentPowerLoss>
    <currentPowerTransport>0.0</currentPowerTransport>
    <currentVoltage>0.9627,-0.0532</currentVoltage>
    <maxPowerTransport>Infinity</maxPowerTransport>
    <powerConsumption>0.0</powerConsumption>
    <powerDemand>0.0</powerDemand>
    <powerLineCharge>0.0</powerLineCharge>
    <powerProduction>0.0</powerProduction>
    <powerProductionNeeded>0.0</powerProductionNeeded>
    <powerProductionOptimal>0.0</powerProductionOptimal>
    <resistance>0.0</resistance>
    <transportPowerDecrement>0.0</transportPowerDecrement>
    <voltageAngle>0.05521</voltageAngle>
  </SPLINE>
  <SOLAR_POWER_PLANT>
    <X>18</X>
    <Y>8</Y>
    <currentCurrent>0.0</currentCurrent>
    <currentPowerLoss>0.0</currentPowerLoss>
    <currentPowerTransport>0.0</currentPowerTransport>
    <currentVoltage>0.9875,-0.019</currentVoltage>
    <maxPowerTransport>0.0</maxPowerTransport>
    <powerConsumption>0.0</powerConsumption>
    <powerDemand>0.0</powerDemand>
    <powerLineCharge>0.0</powerLineCharge>
    <powerProduction>5026.7904</powerProduction>
    <powerProductionNeeded>5026.7904</powerProductionNeeded>
    <powerProductionOptimal>8000.0</powerProductionOptimal>
    <resistance>0.0</resistance>
    <transportPowerDecrement>0.0</transportPowerDecrement>
    <voltageAngle>0.01924</voltageAngle>
    <model name="SolarPeakPowerModel">
      <efficiency>0.2</efficiency>
      <height>0.0</height>
      <latitude>46.6</latitude>
      <longitude>14.4</longitude>
      <peakPower>8000.0</peakPower>
      <squareMeters>40.0</squareMeters>
    </model>
  </SOLAR_POWER_PLANT>
  <CUSTOM_CONSUMER>
    <X>17</X>
    <Y>10</Y>
    <currentCurrent>0.0</currentCurrent>
    <currentPowerLoss>0.0</currentPowerLoss>
    <currentPowerTransport>0.0</currentPowerTransport>
    <currentVoltage>0.9627,-0.0532</currentVoltage>
    <maxPowerTransport>0.0</maxPowerTransport>
    <powerConsumption>8000.0</powerConsumption>
    <powerDemand>8000.0,800.0</powerDemand>
    <powerLineCharge>0.0</powerLineCharge>
    <powerProduction>0.0</powerProduction>
    <powerProductionNeeded>0.0</powerProductionNeeded>
    <powerProductionOptimal>0.0</powerProductionOptimal>
    <resistance>0.0</resistance>
    <transportPowerDecrement>0.0</transportPowerDecrement>
    <voltageAngle>0.05521</voltageAngle>
    <model name="ConstantDemandModel">
      <powerDemand>8000.0,800.0</powerDemand>
    </model>
  </CUSTOM_CONSUMER>
  <CUSTOM_CONSUMER>
    <X>20</X>
    <Y>8</Y>
    <currentCurrent>0.0</currentCurrent>
    <currentPowerLoss>0.0</currentPowerLoss>
    <currentPowerTransport>0.0</currentPowerTransport>
    <currentVoltage>0.9875,-0.019</currentVoltage>
    <maxPowerTransport>0.0</maxPowerTransport>
    <powerConsumption>10000.0</powerConsumption>
    <powerDemand>10000.0,1000.0</powerDemand>
    <powerLineCharge>0.0</powerLineCharge>
    <powerProduction>0.0</powerProduction>
    <powerProductionNeeded>0.0</powerProductionNeeded>
    <powerProductionOptimal>0.0</powerProductionOptimal>
    <resistance>0.0</resistance>
    <transportPowerDecrement>0.0</transportPowerDecrement>
    <voltageAngle>0.01924</voltageAngle>
    <model name="ConstantDemandModel">
      <powerDemand>10000.0,1000.0</powerDemand>
    </model>
  </CUSTOM_CONSUMER>
  <CUSTOM_CONSUMER>
    <X>12</X>
    <Y>8</Y>
    <currentCurrent>0.0</currentCurrent>
    <currentPowerLoss>0.0</currentPowerLoss>
    <currentPowerTransport>0.0</currentPowerTransport>
    <currentVoltage>0.9735,-0.038</currentVoltage>
    <maxPowerTransport>0.0</maxPowerTransport>
    <powerConsumption>12000.0</powerConsumption>
    <powerDemand>12000.0,1200.0</powerDemand>
    <powerLineCharge>0.0</powerLineCharge>
    <powerProduction>0.0</powerProduction>
    <powerProductionNeeded>0.0</powerProductionNeeded>
    <powerProductionOptimal>0.0</powerProductionOptimal>
    <resistance>0.0</resistance>
    <transportPowerDecrement>0.0</transportPowerDecrement>
    <voltageAngle>0.03901</voltageAngle>
    <model name="ConstantDemandModel">
      <powerDemand>12000.0,1200.0</powerDemand>
    </model>
  </CUSTOM_CONSUMER>
</root>
